"","Tow","Genus","Species","Survey","Preserve","FL","SL","TL","Number","Date","Location"
"1","ICHP-18-0075","Micropogonias","undulatus","ICHPLAN","ETOH",NA,7.5,NA,1,2018-09-03,"LSHCB"
"2","ICHP-17-0053","Micropogonias","undulatus","ICHPLAN","ETOH",NA,6.7,NA,1,2017-09-05,"LSHCB"
"3","ICHP-17-0054","Micropogonias","undulatus","ICHPLAN","ETOH",NA,7.3,NA,8,2017-09-05,"LSHCB"
"4","ICHP-17-0054","Micropogonias","undulatus","ICHPLAN","ETOH",NA,7,NA,8,2017-09-05,"LSHCB"
"5","ICHP-17-0054","Micropogonias","undulatus","ICHPLAN","ETOH",NA,6.4,NA,8,2017-09-05,"LSHCB"
"6","ICHP-17-0054","Micropogonias","undulatus","ICHPLAN","ETOH",NA,7.6,NA,8,2017-09-05,"LSHCB"
"7","ICHP-17-0054","Micropogonias","undulatus","ICHPLAN","ETOH",NA,7.4,NA,8,2017-09-05,"LSHCB"
"8","ICHP-17-0054","Micropogonias","undulatus","ICHPLAN","ETOH",NA,5.8,NA,8,2017-09-05,"LSHCB"
"9","ICHP-17-0054","Micropogonias","undulatus","ICHPLAN","ETOH",NA,10.5,NA,8,2017-09-05,"LSHCB"
"10","ICHP-17-0055","Micropogonias","undulatus","ICHPLAN","ETOH",NA,6.1,NA,5,2017-09-05,"LSHCB"
"11","ICHP-17-0055","Micropogonias","undulatus","ICHPLAN","ETOH",NA,6,NA,5,2017-09-05,"LSHCB"
"12","ICHP-17-0055","Micropogonias","undulatus","ICHPLAN","ETOH",NA,5.9,NA,5,2017-09-05,"LSHCB"
"13","ICHP-17-0055","Micropogonias","undulatus","ICHPLAN","ETOH",NA,7.1,NA,5,2017-09-05,"LSHCB"
"14","ICHP-17-0057","Micropogonias","undulatus","ICHPLAN","ETOH",NA,10,NA,5,2017-09-21,"LSHCB"
"15","ICHP-17-0057","Micropogonias","undulatus","ICHPLAN","ETOH",NA,10.9,NA,5,2017-09-21,"LSHCB"
"16","ICHP-17-0057","Micropogonias","undulatus","ICHPLAN","ETOH",NA,9.5,NA,5,2017-09-21,"LSHCB"
"17","ICHP-17-0057","Micropogonias","undulatus","ICHPLAN","ETOH",NA,8.2,NA,5,2017-09-21,"LSHCB"
"18","ICHP-17-0058","Micropogonias","undulatus","ICHPLAN","ETOH",NA,10,NA,6,2017-09-21,"LSHCB"
"19","ICHP-17-0058","Micropogonias","undulatus","ICHPLAN","ETOH",NA,6.5,NA,6,2017-09-21,"LSHCB"
"20","ICHP-17-0058","Micropogonias","undulatus","ICHPLAN","ETOH",NA,6.8,NA,6,2017-09-21,"LSHCB"
"21","ICHP-17-0058","Micropogonias","undulatus","ICHPLAN","ETOH",NA,8.2,NA,6,2017-09-21,"LSHCB"
"22","ICHP-17-0058","Micropogonias","undulatus","ICHPLAN","ETOH",NA,8.2,NA,6,2017-09-21,"LSHCB"
"23","ICHP-17-0058","Micropogonias","undulatus","ICHPLAN","ETOH",NA,10.1,NA,6,2017-09-21,"LSHCB"
"24","ICHP-17-0059","Micropogonias","undulatus","ICHPLAN","ETOH",NA,7.2,NA,16,2017-09-21,"LSHCB"
"25","ICHP-17-0059","Micropogonias","undulatus","ICHPLAN","ETOH",NA,7.2,NA,16,2017-09-21,"LSHCB"
"26","ICHP-17-0059","Micropogonias","undulatus","ICHPLAN","ETOH",NA,10.8,NA,16,2017-09-21,"LSHCB"
"27","ICHP-17-0059","Micropogonias","undulatus","ICHPLAN","ETOH",NA,9,NA,16,2017-09-21,"LSHCB"
"28","ICHP-17-0059","Micropogonias","undulatus","ICHPLAN","ETOH",NA,6.8,NA,16,2017-09-21,"LSHCB"
"29","ICHP-17-0059","Micropogonias","undulatus","ICHPLAN","ETOH",NA,6.8,NA,16,2017-09-21,"LSHCB"
"30","ICHP-17-0059","Micropogonias","undulatus","ICHPLAN","ETOH",NA,6,NA,16,2017-09-21,"LSHCB"
"31","ICHP-17-0059","Micropogonias","undulatus","ICHPLAN","ETOH",NA,10,NA,16,2017-09-21,"LSHCB"
"32","ICHP-17-0059","Micropogonias","undulatus","ICHPLAN","ETOH",NA,7,NA,16,2017-09-21,"LSHCB"
"33","ICHP-17-0059","Micropogonias","undulatus","ICHPLAN","ETOH",NA,7.7,NA,16,2017-09-21,"LSHCB"
"34","ICHP-17-0059","Micropogonias","undulatus","ICHPLAN","ETOH",NA,8.2,NA,16,2017-09-21,"LSHCB"
"35","ICHP-17-0059","Micropogonias","undulatus","ICHPLAN","ETOH",NA,6,NA,16,2017-09-21,"LSHCB"
"36","ICHP-17-0059","Micropogonias","undulatus","ICHPLAN","ETOH",NA,9.8,NA,16,2017-09-21,"LSHCB"
"37","ICHP-17-0059","Micropogonias","undulatus","ICHPLAN","ETOH",NA,6.4,NA,16,2017-09-21,"LSHCB"
"38","ICHP-17-0059","Micropogonias","undulatus","ICHPLAN","ETOH",NA,6.2,NA,16,2017-09-21,"LSHCB"
"39","ICHP-17-0059","Micropogonias","undulatus","ICHPLAN","ETOH",NA,8,NA,16,2017-09-21,"LSHCB"
"40","ICHP-17-0060","Micropogonias","undulatus","ICHPLAN","ETOH",NA,6.2,NA,2,2017-09-21,"LSHCB"
"41","ICHP-17-0060","Micropogonias","undulatus","ICHPLAN","ETOH",NA,7.2,NA,2,2017-09-21,"LSHCB"
"42","ICHP-17-0061","Micropogonias","undulatus","ICHPLAN","ETOH",NA,11.6,NA,1,2017-10-03,"LSHCB"
"43","ICHP-17-0067","Micropogonias","undulatus","ICHPLAN","ETOH",NA,11.5,NA,2,2017-10-17,"LSHCB"
"44","ICHP-17-0067","Micropogonias","undulatus","ICHPLAN","ETOH",NA,14.4,NA,2,2017-10-17,"LSHCB"
"45","ICHP-17-0069","Micropogonias","undulatus","ICHPLAN","ETOH",NA,20,NA,7,2017-11-01,"LSHCB"
"46","ICHP-17-0069","Micropogonias","undulatus","ICHPLAN","ETOH",NA,9.3,NA,7,2017-11-01,"LSHCB"
"47","ICHP-17-0069","Micropogonias","undulatus","ICHPLAN","ETOH",NA,10,NA,7,2017-11-01,"LSHCB"
"48","ICHP-17-0069","Micropogonias","undulatus","ICHPLAN","ETOH",NA,9.2,NA,7,2017-11-01,"LSHCB"
"49","ICHP-17-0069","Micropogonias","undulatus","ICHPLAN","ETOH",NA,8.7,NA,7,2017-11-01,"LSHCB"
"50","ICHP-17-0069","Micropogonias","undulatus","ICHPLAN","ETOH",NA,10.7,NA,7,2017-11-01,"LSHCB"
"51","ICHP-17-0070","Micropogonias","undulatus","ICHPLAN","ETOH",NA,9,NA,10,2017-11-01,"LSHCB"
"52","ICHP-17-0070","Micropogonias","undulatus","ICHPLAN","ETOH",NA,8,NA,10,2017-11-01,"LSHCB"
"53","ICHP-17-0070","Micropogonias","undulatus","ICHPLAN","ETOH",NA,8.2,NA,10,2017-11-01,"LSHCB"
"54","ICHP-17-0070","Micropogonias","undulatus","ICHPLAN","ETOH",NA,8.5,NA,10,2017-11-01,"LSHCB"
"55","ICHP-17-0070","Micropogonias","undulatus","ICHPLAN","ETOH",NA,8,NA,10,2017-11-01,"LSHCB"
"56","ICHP-17-0070","Micropogonias","undulatus","ICHPLAN","ETOH",NA,8.8,NA,10,2017-11-01,"LSHCB"
"57","ICHP-17-0070","Micropogonias","undulatus","ICHPLAN","ETOH",NA,9,NA,10,2017-11-01,"LSHCB"
"58","ICHP-17-0070","Micropogonias","undulatus","ICHPLAN","ETOH",NA,8.1,NA,10,2017-11-01,"LSHCB"
"59","ICHP-17-0070","Micropogonias","undulatus","ICHPLAN","ETOH",NA,7.5,NA,10,2017-11-01,"LSHCB"
"60","ICHP-17-0070","Micropogonias","undulatus","ICHPLAN","ETOH",NA,8.2,NA,10,2017-11-01,"LSHCB"
"61","ICHP-17-0071","Micropogonias","undulatus","ICHPLAN","ETOH",NA,8.2,NA,15,2017-11-01,"LSHCB"
"62","ICHP-17-0071","Micropogonias","undulatus","ICHPLAN","ETOH",NA,7.8,NA,15,2017-11-01,"LSHCB"
"63","ICHP-17-0071","Micropogonias","undulatus","ICHPLAN","ETOH",NA,8.5,NA,15,2017-11-01,"LSHCB"
"64","ICHP-17-0071","Micropogonias","undulatus","ICHPLAN","ETOH",NA,7.6,NA,15,2017-11-01,"LSHCB"
"65","ICHP-17-0071","Micropogonias","undulatus","ICHPLAN","ETOH",NA,8.3,NA,15,2017-11-01,"LSHCB"
"66","ICHP-17-0071","Micropogonias","undulatus","ICHPLAN","ETOH",NA,9.2,NA,15,2017-11-01,"LSHCB"
"67","ICHP-17-0071","Micropogonias","undulatus","ICHPLAN","ETOH",NA,9.9,NA,15,2017-11-01,"LSHCB"
"68","ICHP-17-0071","Micropogonias","undulatus","ICHPLAN","ETOH",NA,8.6,NA,15,2017-11-01,"LSHCB"
"69","ICHP-17-0071","Micropogonias","undulatus","ICHPLAN","ETOH",NA,7.8,NA,15,2017-11-01,"LSHCB"
"70","ICHP-17-0071","Micropogonias","undulatus","ICHPLAN","ETOH",NA,8.4,NA,15,2017-11-01,"LSHCB"
"71","ICHP-17-0071","Micropogonias","undulatus","ICHPLAN","ETOH",NA,9.4,NA,15,2017-11-01,"LSHCB"
"72","ICHP-17-0071","Micropogonias","undulatus","ICHPLAN","ETOH",NA,7.7,NA,15,2017-11-01,"LSHCB"
"73","ICHP-17-0071","Micropogonias","undulatus","ICHPLAN","ETOH",NA,7.8,NA,15,2017-11-01,"LSHCB"
"74","ICHP-17-0071","Micropogonias","undulatus","ICHPLAN","ETOH",NA,8.2,NA,15,2017-11-01,"LSHCB"
"75","ICHP-17-0071","Micropogonias","undulatus","ICHPLAN","ETOH",NA,8.3,NA,15,2017-11-01,"LSHCB"
"76","ICHP-17-0072","Micropogonias","undulatus","ICHPLAN","ETOH",NA,9,NA,1,2017-11-01,"LSHCB"
"77","ICHP-17-0073","Micropogonias","undulatus","ICHPLAN","ETOH",NA,10.7,NA,7,2017-11-14,"LSHCB"
"78","ICHP-17-0073","Micropogonias","undulatus","ICHPLAN","ETOH",NA,10.4,NA,7,2017-11-14,"LSHCB"
"79","ICHP-17-0073","Micropogonias","undulatus","ICHPLAN","ETOH",NA,11.4,NA,7,2017-11-14,"LSHCB"
"80","ICHP-17-0073","Micropogonias","undulatus","ICHPLAN","ETOH",NA,12.2,NA,7,2017-11-14,"LSHCB"
"81","ICHP-17-0073","Micropogonias","undulatus","ICHPLAN","ETOH",NA,11.7,NA,7,2017-11-14,"LSHCB"
"82","ICHP-17-0073","Micropogonias","undulatus","ICHPLAN","ETOH",NA,10,NA,7,2017-11-14,"LSHCB"
"83","ICHP-17-0073","Micropogonias","undulatus","ICHPLAN","ETOH",NA,10.4,NA,7,2017-11-14,"LSHCB"
"84","ICHP-17-0074","Micropogonias","undulatus","ICHPLAN","ETOH",NA,11.3,NA,9,2017-11-14,"LSHCB"
"85","ICHP-17-0074","Micropogonias","undulatus","ICHPLAN","ETOH",NA,11.3,NA,9,2017-11-14,"LSHCB"
"86","ICHP-17-0074","Micropogonias","undulatus","ICHPLAN","ETOH",NA,8.8,NA,9,2017-11-14,"LSHCB"
"87","ICHP-17-0074","Micropogonias","undulatus","ICHPLAN","ETOH",NA,9.9,NA,9,2017-11-14,"LSHCB"
"88","ICHP-17-0074","Micropogonias","undulatus","ICHPLAN","ETOH",NA,10,NA,9,2017-11-14,"LSHCB"
"89","ICHP-17-0074","Micropogonias","undulatus","ICHPLAN","ETOH",NA,10.1,NA,9,2017-11-14,"LSHCB"
"90","ICHP-17-0074","Micropogonias","undulatus","ICHPLAN","ETOH",NA,9.5,NA,9,2017-11-14,"LSHCB"
"91","ICHP-17-0074","Micropogonias","undulatus","ICHPLAN","ETOH",NA,9.3,NA,9,2017-11-14,"LSHCB"
"92","ICHP-17-0074","Micropogonias","undulatus","ICHPLAN","ETOH",NA,9.3,NA,9,2017-11-14,"LSHCB"
"93","ICHP-17-0075","Micropogonias","undulatus","ICHPLAN","ETOH",NA,10.5,NA,14,2017-11-14,"LSHCB"
"94","ICHP-17-0075","Micropogonias","undulatus","ICHPLAN","ETOH",NA,10,NA,14,2017-11-14,"LSHCB"
"95","ICHP-17-0075","Micropogonias","undulatus","ICHPLAN","ETOH",NA,9.5,NA,14,2017-11-14,"LSHCB"
"96","ICHP-17-0075","Micropogonias","undulatus","ICHPLAN","ETOH",NA,9.9,NA,14,2017-11-14,"LSHCB"
"97","ICHP-17-0075","Micropogonias","undulatus","ICHPLAN","ETOH",NA,9.1,NA,14,2017-11-14,"LSHCB"
"98","ICHP-17-0075","Micropogonias","undulatus","ICHPLAN","ETOH",NA,10.9,NA,14,2017-11-14,"LSHCB"
"99","ICHP-17-0075","Micropogonias","undulatus","ICHPLAN","ETOH",NA,10.2,NA,14,2017-11-14,"LSHCB"
"100","ICHP-17-0075","Micropogonias","undulatus","ICHPLAN","ETOH",NA,9.5,NA,14,2017-11-14,"LSHCB"
"101","ICHP-17-0075","Micropogonias","undulatus","ICHPLAN","ETOH",NA,10.1,NA,14,2017-11-14,"LSHCB"
"102","ICHP-17-0075","Micropogonias","undulatus","ICHPLAN","ETOH",NA,9.4,NA,14,2017-11-14,"LSHCB"
"103","ICHP-17-0075","Micropogonias","undulatus","ICHPLAN","ETOH",NA,10.8,NA,14,2017-11-14,"LSHCB"
"104","ICHP-17-0075","Micropogonias","undulatus","ICHPLAN","ETOH",NA,9.4,NA,14,2017-11-14,"LSHCB"
"105","ICHP-17-0075","Micropogonias","undulatus","ICHPLAN","ETOH",NA,10.9,NA,14,2017-11-14,"LSHCB"
"106","ICHP-17-0075","Micropogonias","undulatus","ICHPLAN","ETOH",NA,9.4,NA,14,2017-11-14,"LSHCB"
"107","ICHP-17-0076","Micropogonias","undulatus","ICHPLAN","ETOH",NA,9.9,NA,1,2017-11-14,"LSHCB"
"108","ICHP-17-0077","Micropogonias","undulatus","ICHPLAN","ETOH",NA,11.7,NA,4,2017-11-27,"LSHCB"
"109","ICHP-17-0077","Micropogonias","undulatus","ICHPLAN","ETOH",NA,12.1,NA,4,2017-11-27,"LSHCB"
"110","ICHP-17-0077","Micropogonias","undulatus","ICHPLAN","ETOH",NA,12.6,NA,4,2017-11-27,"LSHCB"
"111","ICHP-17-0077","Micropogonias","undulatus","ICHPLAN","ETOH",NA,10.9,NA,4,2017-11-27,"LSHCB"
"112","ICHP-17-0078","Micropogonias","undulatus","ICHPLAN","ETOH",NA,10.8,NA,1,2017-11-27,"LSHCB"
"113","ICHP-17-0079","Micropogonias","undulatus","ICHPLAN","ETOH",NA,13.4,NA,4,2017-11-27,"LSHCB"
"114","ICHP-17-0079","Micropogonias","undulatus","ICHPLAN","ETOH",NA,12.1,NA,4,2017-11-27,"LSHCB"
"115","ICHP-17-0079","Micropogonias","undulatus","ICHPLAN","ETOH",NA,10.2,NA,4,2017-11-27,"LSHCB"
"116","ICHP-17-0079","Micropogonias","undulatus","ICHPLAN","ETOH",NA,11.8,NA,4,2017-11-27,"LSHCB"
"117","ICHP-18-0050","Micropogonias","undulatus","ICHPLAN","ETOH",NA,10.3,NA,2,2018-08-29,"LSHCB"
"118","ICHP-18-0050","Micropogonias","undulatus","ICHPLAN","ETOH",NA,11,NA,2,2018-08-29,"LSHCB"
"119","ICHP-18-0056","Micropogonias","undulatus","ICHPLAN","ETOH",NA,6.5,NA,1,2018-09-26,"LSHCB"
"120","ICHP-18-0060","Micropogonias","undulatus","ICHPLAN","ETOH",NA,6,NA,43,2018-10-10,"LSHCB"
"121","ICHP-18-0060","Micropogonias","undulatus","ICHPLAN","ETOH",NA,8.4,NA,43,2018-10-10,"LSHCB"
"122","ICHP-18-0060","Micropogonias","undulatus","ICHPLAN","ETOH",NA,5.4,NA,43,2018-10-10,"LSHCB"
"123","ICHP-18-0060","Micropogonias","undulatus","ICHPLAN","ETOH",NA,7.2,NA,43,2018-10-10,"LSHCB"
"124","ICHP-18-0060","Micropogonias","undulatus","ICHPLAN","ETOH",NA,6.6,NA,43,2018-10-10,"LSHCB"
"125","ICHP-18-0060","Micropogonias","undulatus","ICHPLAN","ETOH",NA,5.5,NA,43,2018-10-10,"LSHCB"
"126","ICHP-18-0060","Micropogonias","undulatus","ICHPLAN","ETOH",NA,6.2,NA,43,2018-10-10,"LSHCB"
"127","ICHP-18-0060","Micropogonias","undulatus","ICHPLAN","ETOH",NA,5.3,NA,43,2018-10-10,"LSHCB"
"128","ICHP-18-0060","Micropogonias","undulatus","ICHPLAN","ETOH",NA,6.3,NA,43,2018-10-10,"LSHCB"
"129","ICHP-18-0060","Micropogonias","undulatus","ICHPLAN","ETOH",NA,7.2,NA,43,2018-10-10,"LSHCB"
"130","ICHP-18-0060","Micropogonias","undulatus","ICHPLAN","ETOH",NA,6,NA,43,2018-10-10,"LSHCB"
"131","ICHP-18-0060","Micropogonias","undulatus","ICHPLAN","ETOH",NA,5.9,NA,43,2018-10-10,"LSHCB"
"132","ICHP-18-0060","Micropogonias","undulatus","ICHPLAN","ETOH",NA,6.8,NA,43,2018-10-10,"LSHCB"
"133","ICHP-18-0060","Micropogonias","undulatus","ICHPLAN","ETOH",NA,6.4,NA,43,2018-10-10,"LSHCB"
"134","ICHP-18-0060","Micropogonias","undulatus","ICHPLAN","ETOH",NA,5.1,NA,43,2018-10-10,"LSHCB"
"135","ICHP-18-0060","Micropogonias","undulatus","ICHPLAN","ETOH",NA,7.1,NA,43,2018-10-10,"LSHCB"
"136","ICHP-18-0060","Micropogonias","undulatus","ICHPLAN","ETOH",NA,5.7,NA,43,2018-10-10,"LSHCB"
"137","ICHP-18-0060","Micropogonias","undulatus","ICHPLAN","ETOH",NA,6,NA,43,2018-10-10,"LSHCB"
"138","ICHP-18-0060","Micropogonias","undulatus","ICHPLAN","ETOH",NA,5.7,NA,43,2018-10-10,"LSHCB"
"139","ICHP-18-0060","Micropogonias","undulatus","ICHPLAN","ETOH",NA,7.6,NA,43,2018-10-10,"LSHCB"
"140","ICHP-18-0061","Micropogonias","undulatus","ICHPLAN","ETOH",NA,8.2,NA,64,2018-10-10,"LSHCB"
"141","ICHP-18-0061","Micropogonias","undulatus","ICHPLAN","ETOH",NA,10.3,NA,64,2018-10-10,"LSHCB"
"142","ICHP-18-0061","Micropogonias","undulatus","ICHPLAN","ETOH",NA,6.1,NA,64,2018-10-10,"LSHCB"
"143","ICHP-18-0061","Micropogonias","undulatus","ICHPLAN","ETOH",NA,6.5,NA,64,2018-10-10,"LSHCB"
"144","ICHP-18-0061","Micropogonias","undulatus","ICHPLAN","ETOH",NA,6.9,NA,64,2018-10-10,"LSHCB"
"145","ICHP-18-0061","Micropogonias","undulatus","ICHPLAN","ETOH",NA,7.1,NA,64,2018-10-10,"LSHCB"
"146","ICHP-18-0061","Micropogonias","undulatus","ICHPLAN","ETOH",NA,6.6,NA,64,2018-10-10,"LSHCB"
"147","ICHP-18-0061","Micropogonias","undulatus","ICHPLAN","ETOH",NA,8,NA,64,2018-10-10,"LSHCB"
"148","ICHP-18-0061","Micropogonias","undulatus","ICHPLAN","ETOH",NA,7.3,NA,64,2018-10-10,"LSHCB"
"149","ICHP-18-0061","Micropogonias","undulatus","ICHPLAN","ETOH",NA,6.3,NA,64,2018-10-10,"LSHCB"
"150","ICHP-18-0061","Micropogonias","undulatus","ICHPLAN","ETOH",NA,6.8,NA,64,2018-10-10,"LSHCB"
"151","ICHP-18-0061","Micropogonias","undulatus","ICHPLAN","ETOH",NA,6.7,NA,64,2018-10-10,"LSHCB"
"152","ICHP-18-0061","Micropogonias","undulatus","ICHPLAN","ETOH",NA,5.2,NA,64,2018-10-10,"LSHCB"
"153","ICHP-18-0061","Micropogonias","undulatus","ICHPLAN","ETOH",NA,7.9,NA,64,2018-10-10,"LSHCB"
"154","ICHP-18-0061","Micropogonias","undulatus","ICHPLAN","ETOH",NA,7.5,NA,64,2018-10-10,"LSHCB"
"155","ICHP-18-0061","Micropogonias","undulatus","ICHPLAN","ETOH",NA,7.5,NA,64,2018-10-10,"LSHCB"
"156","ICHP-18-0061","Micropogonias","undulatus","ICHPLAN","ETOH",NA,8.3,NA,64,2018-10-10,"LSHCB"
"157","ICHP-18-0061","Micropogonias","undulatus","ICHPLAN","ETOH",NA,6.7,NA,64,2018-10-10,"LSHCB"
"158","ICHP-18-0061","Micropogonias","undulatus","ICHPLAN","ETOH",NA,9.5,NA,64,2018-10-10,"LSHCB"
"159","ICHP-18-0061","Micropogonias","undulatus","ICHPLAN","ETOH",NA,5.4,NA,64,2018-10-10,"LSHCB"
"160","ICHP-18-0062","Micropogonias","undulatus","ICHPLAN","ETOH",NA,6.7,NA,34,2018-10-10,"LSHCB"
"161","ICHP-18-0062","Micropogonias","undulatus","ICHPLAN","ETOH",NA,6.5,NA,34,2018-10-10,"LSHCB"
"162","ICHP-18-0062","Micropogonias","undulatus","ICHPLAN","ETOH",NA,6.8,NA,34,2018-10-10,"LSHCB"
"163","ICHP-18-0062","Micropogonias","undulatus","ICHPLAN","ETOH",NA,7.3,NA,34,2018-10-10,"LSHCB"
"164","ICHP-18-0062","Micropogonias","undulatus","ICHPLAN","ETOH",NA,6.1,NA,34,2018-10-10,"LSHCB"
"165","ICHP-18-0062","Micropogonias","undulatus","ICHPLAN","ETOH",NA,6,NA,34,2018-10-10,"LSHCB"
"166","ICHP-18-0062","Micropogonias","undulatus","ICHPLAN","ETOH",NA,6.1,NA,34,2018-10-10,"LSHCB"
"167","ICHP-18-0062","Micropogonias","undulatus","ICHPLAN","ETOH",NA,5.5,NA,34,2018-10-10,"LSHCB"
"168","ICHP-18-0062","Micropogonias","undulatus","ICHPLAN","ETOH",NA,6.5,NA,34,2018-10-10,"LSHCB"
"169","ICHP-18-0062","Micropogonias","undulatus","ICHPLAN","ETOH",NA,6.2,NA,34,2018-10-10,"LSHCB"
"170","ICHP-18-0062","Micropogonias","undulatus","ICHPLAN","ETOH",NA,7.7,NA,34,2018-10-10,"LSHCB"
"171","ICHP-18-0062","Micropogonias","undulatus","ICHPLAN","ETOH",NA,6.3,NA,34,2018-10-10,"LSHCB"
"172","ICHP-18-0062","Micropogonias","undulatus","ICHPLAN","ETOH",NA,7.2,NA,34,2018-10-10,"LSHCB"
"173","ICHP-18-0062","Micropogonias","undulatus","ICHPLAN","ETOH",NA,6.5,NA,34,2018-10-10,"LSHCB"
"174","ICHP-18-0062","Micropogonias","undulatus","ICHPLAN","ETOH",NA,5.3,NA,34,2018-10-10,"LSHCB"
"175","ICHP-18-0062","Micropogonias","undulatus","ICHPLAN","ETOH",NA,5.8,NA,34,2018-10-10,"LSHCB"
"176","ICHP-18-0062","Micropogonias","undulatus","ICHPLAN","ETOH",NA,7.7,NA,34,2018-10-10,"LSHCB"
"177","ICHP-18-0062","Micropogonias","undulatus","ICHPLAN","ETOH",NA,7.1,NA,34,2018-10-10,"LSHCB"
"178","ICHP-18-0062","Micropogonias","undulatus","ICHPLAN","ETOH",NA,6.4,NA,34,2018-10-10,"LSHCB"
"179","ICHP-18-0062","Micropogonias","undulatus","ICHPLAN","ETOH",NA,5.4,NA,34,2018-10-10,"LSHCB"
"180","ICHP-18-0063","Micropogonias","undulatus","ICHPLAN","ETOH",NA,9.7,NA,15,2018-10-23,"LSHCB"
"181","ICHP-18-0063","Micropogonias","undulatus","ICHPLAN","ETOH",NA,9.5,NA,15,2018-10-23,"LSHCB"
"182","ICHP-18-0063","Micropogonias","undulatus","ICHPLAN","ETOH",NA,10.9,NA,15,2018-10-23,"LSHCB"
"183","ICHP-18-0063","Micropogonias","undulatus","ICHPLAN","ETOH",NA,7.6,NA,15,2018-10-23,"LSHCB"
"184","ICHP-18-0063","Micropogonias","undulatus","ICHPLAN","ETOH",NA,8.7,NA,15,2018-10-23,"LSHCB"
"185","ICHP-18-0063","Micropogonias","undulatus","ICHPLAN","ETOH",NA,10.9,NA,15,2018-10-23,"LSHCB"
"186","ICHP-18-0063","Micropogonias","undulatus","ICHPLAN","ETOH",NA,11.2,NA,15,2018-10-23,"LSHCB"
"187","ICHP-18-0063","Micropogonias","undulatus","ICHPLAN","ETOH",NA,12.3,NA,15,2018-10-23,"LSHCB"
"188","ICHP-18-0063","Micropogonias","undulatus","ICHPLAN","ETOH",NA,11.5,NA,15,2018-10-23,"LSHCB"
"189","ICHP-18-0063","Micropogonias","undulatus","ICHPLAN","ETOH",NA,11.4,NA,15,2018-10-23,"LSHCB"
"190","ICHP-18-0063","Micropogonias","undulatus","ICHPLAN","ETOH",NA,11.4,NA,15,2018-10-23,"LSHCB"
"191","ICHP-18-0063","Micropogonias","undulatus","ICHPLAN","ETOH",NA,10.5,NA,15,2018-10-23,"LSHCB"
"192","ICHP-18-0063","Micropogonias","undulatus","ICHPLAN","ETOH",NA,8.7,NA,15,2018-10-23,"LSHCB"
"193","ICHP-18-0063","Micropogonias","undulatus","ICHPLAN","ETOH",NA,8.9,NA,15,2018-10-23,"LSHCB"
"194","ICHP-18-0063","Micropogonias","undulatus","ICHPLAN","ETOH",NA,10,NA,15,2018-10-23,"LSHCB"
"195","ICHP-18-0064","Micropogonias","undulatus","ICHPLAN","ETOH",NA,10.1,NA,28,2018-10-23,"LSHCB"
"196","ICHP-18-0064","Micropogonias","undulatus","ICHPLAN","ETOH",NA,9.6,NA,28,2018-10-23,"LSHCB"
"197","ICHP-18-0064","Micropogonias","undulatus","ICHPLAN","ETOH",NA,8.5,NA,28,2018-10-23,"LSHCB"
"198","ICHP-18-0064","Micropogonias","undulatus","ICHPLAN","ETOH",NA,8.9,NA,28,2018-10-23,"LSHCB"
"199","ICHP-18-0064","Micropogonias","undulatus","ICHPLAN","ETOH",NA,8.2,NA,28,2018-10-23,"LSHCB"
"200","ICHP-18-0064","Micropogonias","undulatus","ICHPLAN","ETOH",NA,10.7,NA,28,2018-10-23,"LSHCB"
"201","ICHP-18-0064","Micropogonias","undulatus","ICHPLAN","ETOH",NA,8.6,NA,28,2018-10-23,"LSHCB"
"202","ICHP-18-0064","Micropogonias","undulatus","ICHPLAN","ETOH",NA,9.4,NA,28,2018-10-23,"LSHCB"
"203","ICHP-18-0064","Micropogonias","undulatus","ICHPLAN","ETOH",NA,11,NA,28,2018-10-23,"LSHCB"
"204","ICHP-18-0064","Micropogonias","undulatus","ICHPLAN","ETOH",NA,11.7,NA,28,2018-10-23,"LSHCB"
"205","ICHP-18-0064","Micropogonias","undulatus","ICHPLAN","ETOH",NA,10.9,NA,28,2018-10-23,"LSHCB"
"206","ICHP-18-0064","Micropogonias","undulatus","ICHPLAN","ETOH",NA,8.3,NA,28,2018-10-23,"LSHCB"
"207","ICHP-18-0064","Micropogonias","undulatus","ICHPLAN","ETOH",NA,9.1,NA,28,2018-10-23,"LSHCB"
"208","ICHP-18-0064","Micropogonias","undulatus","ICHPLAN","ETOH",NA,10.6,NA,28,2018-10-23,"LSHCB"
"209","ICHP-18-0064","Micropogonias","undulatus","ICHPLAN","ETOH",NA,8.1,NA,28,2018-10-23,"LSHCB"
"210","ICHP-18-0064","Micropogonias","undulatus","ICHPLAN","ETOH",NA,11.5,NA,28,2018-10-23,"LSHCB"
"211","ICHP-18-0064","Micropogonias","undulatus","ICHPLAN","ETOH",NA,8.3,NA,28,2018-10-23,"LSHCB"
"212","ICHP-18-0064","Micropogonias","undulatus","ICHPLAN","ETOH",NA,11.3,NA,28,2018-10-23,"LSHCB"
"213","ICHP-18-0064","Micropogonias","undulatus","ICHPLAN","ETOH",NA,8.8,NA,28,2018-10-23,"LSHCB"
"214","ICHP-18-0064","Micropogonias","undulatus","ICHPLAN","ETOH",NA,10.7,NA,28,2018-10-23,"LSHCB"
"215","ICHP-18-0065","Micropogonias","undulatus","ICHPLAN","ETOH",NA,9,NA,71,2018-10-23,"LSHCB"
"216","ICHP-18-0065","Micropogonias","undulatus","ICHPLAN","ETOH",NA,10,NA,71,2018-10-23,"LSHCB"
"217","ICHP-18-0065","Micropogonias","undulatus","ICHPLAN","ETOH",NA,9.1,NA,71,2018-10-23,"LSHCB"
"218","ICHP-18-0065","Micropogonias","undulatus","ICHPLAN","ETOH",NA,9.7,NA,71,2018-10-23,"LSHCB"
"219","ICHP-18-0065","Micropogonias","undulatus","ICHPLAN","ETOH",NA,11.5,NA,71,2018-10-23,"LSHCB"
"220","ICHP-18-0065","Micropogonias","undulatus","ICHPLAN","ETOH",NA,10.1,NA,71,2018-10-23,"LSHCB"
"221","ICHP-18-0065","Micropogonias","undulatus","ICHPLAN","ETOH",NA,13.3,NA,71,2018-10-23,"LSHCB"
"222","ICHP-18-0065","Micropogonias","undulatus","ICHPLAN","ETOH",NA,9.6,NA,71,2018-10-23,"LSHCB"
"223","ICHP-18-0065","Micropogonias","undulatus","ICHPLAN","ETOH",NA,8.9,NA,71,2018-10-23,"LSHCB"
"224","ICHP-18-0065","Micropogonias","undulatus","ICHPLAN","ETOH",NA,12.9,NA,71,2018-10-23,"LSHCB"
"225","ICHP-18-0065","Micropogonias","undulatus","ICHPLAN","ETOH",NA,7.5,NA,71,2018-10-23,"LSHCB"
"226","ICHP-18-0065","Micropogonias","undulatus","ICHPLAN","ETOH",NA,10.6,NA,71,2018-10-23,"LSHCB"
"227","ICHP-18-0065","Micropogonias","undulatus","ICHPLAN","ETOH",NA,7.8,NA,71,2018-10-23,"LSHCB"
"228","ICHP-18-0065","Micropogonias","undulatus","ICHPLAN","ETOH",NA,9.8,NA,71,2018-10-23,"LSHCB"
"229","ICHP-18-0065","Micropogonias","undulatus","ICHPLAN","ETOH",NA,8.9,NA,71,2018-10-23,"LSHCB"
"230","ICHP-18-0065","Micropogonias","undulatus","ICHPLAN","ETOH",NA,12.3,NA,71,2018-10-23,"LSHCB"
"231","ICHP-18-0065","Micropogonias","undulatus","ICHPLAN","ETOH",NA,9.7,NA,71,2018-10-23,"LSHCB"
"232","ICHP-18-0065","Micropogonias","undulatus","ICHPLAN","ETOH",NA,7.9,NA,71,2018-10-23,"LSHCB"
"233","ICHP-18-0065","Micropogonias","undulatus","ICHPLAN","ETOH",NA,8.7,NA,71,2018-10-23,"LSHCB"
"234","ICHP-18-0065","Micropogonias","undulatus","ICHPLAN","ETOH",NA,11.4,NA,71,2018-10-23,"LSHCB"
"235","ICHP-18-0066","Micropogonias","undulatus","ICHPLAN","ETOH",NA,9.7,NA,7,2018-10-23,"LSHCB"
"236","ICHP-18-0066","Micropogonias","undulatus","ICHPLAN","ETOH",NA,7.2,NA,7,2018-10-23,"LSHCB"
"237","ICHP-18-0066","Micropogonias","undulatus","ICHPLAN","ETOH",NA,9.3,NA,7,2018-10-23,"LSHCB"
"238","ICHP-18-0066","Micropogonias","undulatus","ICHPLAN","ETOH",NA,8.5,NA,7,2018-10-23,"LSHCB"
"239","ICHP-18-0066","Micropogonias","undulatus","ICHPLAN","ETOH",NA,11.7,NA,7,2018-10-23,"LSHCB"
"240","ICHP-18-0066","Micropogonias","undulatus","ICHPLAN","ETOH",NA,11.4,NA,7,2018-10-23,"LSHCB"
"241","ICHP-18-0066","Micropogonias","undulatus","ICHPLAN","ETOH",NA,8.2,NA,7,2018-10-23,"LSHCB"
"242","ICHP-18-0067","Micropogonias","undulatus","ICHPLAN","ETOH",NA,11.8,NA,15,2018-11-06,"LSHCB"
"243","ICHP-18-0067","Micropogonias","undulatus","ICHPLAN","ETOH",NA,14.2,NA,15,2018-11-06,"LSHCB"
"244","ICHP-18-0067","Micropogonias","undulatus","ICHPLAN","ETOH",NA,13.3,NA,15,2018-11-06,"LSHCB"
"245","ICHP-18-0067","Micropogonias","undulatus","ICHPLAN","ETOH",NA,12.9,NA,15,2018-11-06,"LSHCB"
"246","ICHP-18-0067","Micropogonias","undulatus","ICHPLAN","ETOH",NA,13,NA,15,2018-11-06,"LSHCB"
"247","ICHP-18-0067","Micropogonias","undulatus","ICHPLAN","ETOH",NA,11.4,NA,15,2018-11-06,"LSHCB"
"248","ICHP-18-0067","Micropogonias","undulatus","ICHPLAN","ETOH",NA,8.1,NA,15,2018-11-06,"LSHCB"
"249","ICHP-18-0067","Micropogonias","undulatus","ICHPLAN","ETOH",NA,11.1,NA,15,2018-11-06,"LSHCB"
"250","ICHP-18-0067","Micropogonias","undulatus","ICHPLAN","ETOH",NA,12.2,NA,15,2018-11-06,"LSHCB"
"251","ICHP-18-0067","Micropogonias","undulatus","ICHPLAN","ETOH",NA,9.6,NA,15,2018-11-06,"LSHCB"
"252","ICHP-18-0067","Micropogonias","undulatus","ICHPLAN","ETOH",NA,7.8,NA,15,2018-11-06,"LSHCB"
"253","ICHP-18-0067","Micropogonias","undulatus","ICHPLAN","ETOH",NA,10.3,NA,15,2018-11-06,"LSHCB"
"254","ICHP-18-0067","Micropogonias","undulatus","ICHPLAN","ETOH",NA,7.5,NA,15,2018-11-06,"LSHCB"
"255","ICHP-18-0067","Micropogonias","undulatus","ICHPLAN","ETOH",NA,6.2,NA,15,2018-11-06,"LSHCB"
"256","ICHP-18-0068","Micropogonias","undulatus","ICHPLAN","ETOH",NA,13,NA,19,2018-11-06,"LSHCB"
"257","ICHP-18-0068","Micropogonias","undulatus","ICHPLAN","ETOH",NA,12.6,NA,19,2018-11-06,"LSHCB"
"258","ICHP-18-0068","Micropogonias","undulatus","ICHPLAN","ETOH",NA,11.5,NA,19,2018-11-06,"LSHCB"
"259","ICHP-18-0068","Micropogonias","undulatus","ICHPLAN","ETOH",NA,10.3,NA,19,2018-11-06,"LSHCB"
"260","ICHP-18-0068","Micropogonias","undulatus","ICHPLAN","ETOH",NA,9.8,NA,19,2018-11-06,"LSHCB"
"261","ICHP-18-0068","Micropogonias","undulatus","ICHPLAN","ETOH",NA,11.7,NA,19,2018-11-06,"LSHCB"
"262","ICHP-18-0068","Micropogonias","undulatus","ICHPLAN","ETOH",NA,13.8,NA,19,2018-11-06,"LSHCB"
"263","ICHP-18-0068","Micropogonias","undulatus","ICHPLAN","ETOH",NA,10.8,NA,19,2018-11-06,"LSHCB"
"264","ICHP-18-0068","Micropogonias","undulatus","ICHPLAN","ETOH",NA,12.8,NA,19,2018-11-06,"LSHCB"
"265","ICHP-18-0068","Micropogonias","undulatus","ICHPLAN","ETOH",NA,14.1,NA,19,2018-11-06,"LSHCB"
"266","ICHP-18-0068","Micropogonias","undulatus","ICHPLAN","ETOH",NA,12,NA,19,2018-11-06,"LSHCB"
"267","ICHP-18-0068","Micropogonias","undulatus","ICHPLAN","ETOH",NA,9.7,NA,19,2018-11-06,"LSHCB"
"268","ICHP-18-0068","Micropogonias","undulatus","ICHPLAN","ETOH",NA,13.9,NA,19,2018-11-06,"LSHCB"
"269","ICHP-18-0068","Micropogonias","undulatus","ICHPLAN","ETOH",NA,11.2,NA,19,2018-11-06,"LSHCB"
"270","ICHP-18-0068","Micropogonias","undulatus","ICHPLAN","ETOH",NA,9.3,NA,19,2018-11-06,"LSHCB"
"271","ICHP-18-0068","Micropogonias","undulatus","ICHPLAN","ETOH",NA,11.3,NA,19,2018-11-06,"LSHCB"
"272","ICHP-18-0068","Micropogonias","undulatus","ICHPLAN","ETOH",NA,9,NA,19,2018-11-06,"LSHCB"
"273","ICHP-18-0068","Micropogonias","undulatus","ICHPLAN","ETOH",NA,12.7,NA,19,2018-11-06,"LSHCB"
"274","ICHP-18-0068","Micropogonias","undulatus","ICHPLAN","ETOH",NA,13.6,NA,19,2018-11-06,"LSHCB"
"275","ICHP-18-0069","Micropogonias","undulatus","ICHPLAN","ETOH",NA,6.1,NA,23,2018-11-06,"LSHCB"
"276","ICHP-18-0069","Micropogonias","undulatus","ICHPLAN","ETOH",NA,9.1,NA,23,2018-11-06,"LSHCB"
"277","ICHP-18-0069","Micropogonias","undulatus","ICHPLAN","ETOH",NA,12.3,NA,23,2018-11-06,"LSHCB"
"278","ICHP-18-0069","Micropogonias","undulatus","ICHPLAN","ETOH",NA,11.5,NA,23,2018-11-06,"LSHCB"
"279","ICHP-18-0069","Micropogonias","undulatus","ICHPLAN","ETOH",NA,11.8,NA,23,2018-11-06,"LSHCB"
"280","ICHP-18-0069","Micropogonias","undulatus","ICHPLAN","ETOH",NA,14.8,NA,23,2018-11-06,"LSHCB"
"281","ICHP-18-0069","Micropogonias","undulatus","ICHPLAN","ETOH",NA,12.9,NA,23,2018-11-06,"LSHCB"
"282","ICHP-18-0069","Micropogonias","undulatus","ICHPLAN","ETOH",NA,16.1,NA,23,2018-11-06,"LSHCB"
"283","ICHP-18-0069","Micropogonias","undulatus","ICHPLAN","ETOH",NA,10.7,NA,23,2018-11-06,"LSHCB"
"284","ICHP-18-0069","Micropogonias","undulatus","ICHPLAN","ETOH",NA,9.2,NA,23,2018-11-06,"LSHCB"
"285","ICHP-18-0069","Micropogonias","undulatus","ICHPLAN","ETOH",NA,9,NA,23,2018-11-06,"LSHCB"
"286","ICHP-18-0069","Micropogonias","undulatus","ICHPLAN","ETOH",NA,12.8,NA,23,2018-11-06,"LSHCB"
"287","ICHP-18-0069","Micropogonias","undulatus","ICHPLAN","ETOH",NA,10.7,NA,23,2018-11-06,"LSHCB"
"288","ICHP-18-0069","Micropogonias","undulatus","ICHPLAN","ETOH",NA,11.3,NA,23,2018-11-06,"LSHCB"
"289","ICHP-18-0069","Micropogonias","undulatus","ICHPLAN","ETOH",NA,9.1,NA,23,2018-11-06,"LSHCB"
"290","ICHP-18-0069","Micropogonias","undulatus","ICHPLAN","ETOH",NA,12.5,NA,23,2018-11-06,"LSHCB"
"291","ICHP-18-0069","Micropogonias","undulatus","ICHPLAN","ETOH",NA,12.2,NA,23,2018-11-06,"LSHCB"
"292","ICHP-18-0069","Micropogonias","undulatus","ICHPLAN","ETOH",NA,10.4,NA,23,2018-11-06,"LSHCB"
"293","ICHP-18-0069","Micropogonias","undulatus","ICHPLAN","ETOH",NA,12.7,NA,23,2018-11-06,"LSHCB"
"294","ICHP-18-0069","Micropogonias","undulatus","ICHPLAN","ETOH",NA,10.2,NA,23,2018-11-06,"LSHCB"
"295","ICHP-18-0070","Micropogonias","undulatus","ICHPLAN","ETOH",NA,9.2,NA,1,2018-11-06,"LSHCB"
"296","ICHP-18-0071","Micropogonias","undulatus","ICHPLAN","ETOH",NA,17.4,NA,47,2018-11-20,"LSHCB"
"297","ICHP-18-0071","Micropogonias","undulatus","ICHPLAN","ETOH",NA,15.5,NA,47,2018-11-20,"LSHCB"
"298","ICHP-18-0071","Micropogonias","undulatus","ICHPLAN","ETOH",NA,14,NA,47,2018-11-20,"LSHCB"
"299","ICHP-18-0071","Micropogonias","undulatus","ICHPLAN","ETOH",NA,18.1,NA,47,2018-11-20,"LSHCB"
"300","ICHP-18-0071","Micropogonias","undulatus","ICHPLAN","ETOH",NA,11.2,NA,47,2018-11-20,"LSHCB"
"301","ICHP-18-0071","Micropogonias","undulatus","ICHPLAN","ETOH",NA,14.4,NA,47,2018-11-20,"LSHCB"
"302","ICHP-18-0071","Micropogonias","undulatus","ICHPLAN","ETOH",NA,18,NA,47,2018-11-20,"LSHCB"
"303","ICHP-18-0071","Micropogonias","undulatus","ICHPLAN","ETOH",NA,17.1,NA,47,2018-11-20,"LSHCB"
"304","ICHP-18-0071","Micropogonias","undulatus","ICHPLAN","ETOH",NA,12.3,NA,47,2018-11-20,"LSHCB"
"305","ICHP-18-0071","Micropogonias","undulatus","ICHPLAN","ETOH",NA,16.5,NA,47,2018-11-20,"LSHCB"
"306","ICHP-18-0071","Micropogonias","undulatus","ICHPLAN","ETOH",NA,18.1,NA,47,2018-11-20,"LSHCB"
"307","ICHP-18-0071","Micropogonias","undulatus","ICHPLAN","ETOH",NA,16.3,NA,47,2018-11-20,"LSHCB"
"308","ICHP-18-0071","Micropogonias","undulatus","ICHPLAN","ETOH",NA,14.9,NA,47,2018-11-20,"LSHCB"
"309","ICHP-18-0071","Micropogonias","undulatus","ICHPLAN","ETOH",NA,14,NA,47,2018-11-20,"LSHCB"
"310","ICHP-18-0071","Micropogonias","undulatus","ICHPLAN","ETOH",NA,17.3,NA,47,2018-11-20,"LSHCB"
"311","ICHP-18-0071","Micropogonias","undulatus","ICHPLAN","ETOH",NA,15.1,NA,47,2018-11-20,"LSHCB"
"312","ICHP-18-0071","Micropogonias","undulatus","ICHPLAN","ETOH",NA,16.2,NA,47,2018-11-20,"LSHCB"
"313","ICHP-18-0071","Micropogonias","undulatus","ICHPLAN","ETOH",NA,8,NA,47,2018-11-20,"LSHCB"
"314","ICHP-18-0071","Micropogonias","undulatus","ICHPLAN","ETOH",NA,13.7,NA,47,2018-11-20,"LSHCB"
"315","ICHP-18-0071","Micropogonias","undulatus","ICHPLAN","ETOH",NA,13.3,NA,47,2018-11-20,"LSHCB"
"316","ICHP-18-0072","Micropogonias","undulatus","ICHPLAN","ETOH",NA,16.4,NA,46,2018-11-20,"LSHCB"
"317","ICHP-18-0072","Micropogonias","undulatus","ICHPLAN","ETOH",NA,17,NA,46,2018-11-20,"LSHCB"
"318","ICHP-18-0072","Micropogonias","undulatus","ICHPLAN","ETOH",NA,12,NA,46,2018-11-20,"LSHCB"
"319","ICHP-18-0072","Micropogonias","undulatus","ICHPLAN","ETOH",NA,13.2,NA,46,2018-11-20,"LSHCB"
"320","ICHP-18-0072","Micropogonias","undulatus","ICHPLAN","ETOH",NA,11.2,NA,46,2018-11-20,"LSHCB"
"321","ICHP-18-0072","Micropogonias","undulatus","ICHPLAN","ETOH",NA,10.3,NA,46,2018-11-20,"LSHCB"
"322","ICHP-18-0072","Micropogonias","undulatus","ICHPLAN","ETOH",NA,11.9,NA,46,2018-11-20,"LSHCB"
"323","ICHP-18-0072","Micropogonias","undulatus","ICHPLAN","ETOH",NA,17.8,NA,46,2018-11-20,"LSHCB"
"324","ICHP-18-0072","Micropogonias","undulatus","ICHPLAN","ETOH",NA,15.6,NA,46,2018-11-20,"LSHCB"
"325","ICHP-18-0072","Micropogonias","undulatus","ICHPLAN","ETOH",NA,12.7,NA,46,2018-11-20,"LSHCB"
"326","ICHP-18-0072","Micropogonias","undulatus","ICHPLAN","ETOH",NA,14.8,NA,46,2018-11-20,"LSHCB"
"327","ICHP-18-0072","Micropogonias","undulatus","ICHPLAN","ETOH",NA,15,NA,46,2018-11-20,"LSHCB"
"328","ICHP-18-0072","Micropogonias","undulatus","ICHPLAN","ETOH",NA,13.3,NA,46,2018-11-20,"LSHCB"
"329","ICHP-18-0072","Micropogonias","undulatus","ICHPLAN","ETOH",NA,20.1,NA,46,2018-11-20,"LSHCB"
"330","ICHP-18-0072","Micropogonias","undulatus","ICHPLAN","ETOH",NA,14.6,NA,46,2018-11-20,"LSHCB"
"331","ICHP-18-0072","Micropogonias","undulatus","ICHPLAN","ETOH",NA,18.1,NA,46,2018-11-20,"LSHCB"
"332","ICHP-18-0072","Micropogonias","undulatus","ICHPLAN","ETOH",NA,16.7,NA,46,2018-11-20,"LSHCB"
"333","ICHP-18-0072","Micropogonias","undulatus","ICHPLAN","ETOH",NA,14,NA,46,2018-11-20,"LSHCB"
"334","ICHP-18-0072","Micropogonias","undulatus","ICHPLAN","ETOH",NA,12.5,NA,46,2018-11-20,"LSHCB"
"335","ICHP-18-0072","Micropogonias","undulatus","ICHPLAN","ETOH",NA,9.5,NA,46,2018-11-20,"LSHCB"
"336","ICHP-18-0073","Micropogonias","undulatus","ICHPLAN","ETOH",NA,11.6,NA,14,2018-11-20,"LSHCB"
"337","ICHP-18-0073","Micropogonias","undulatus","ICHPLAN","ETOH",NA,14.9,NA,14,2018-11-20,"LSHCB"
"338","ICHP-18-0073","Micropogonias","undulatus","ICHPLAN","ETOH",NA,14.9,NA,14,2018-11-20,"LSHCB"
"339","ICHP-18-0073","Micropogonias","undulatus","ICHPLAN","ETOH",NA,16.1,NA,14,2018-11-20,"LSHCB"
"340","ICHP-18-0073","Micropogonias","undulatus","ICHPLAN","ETOH",NA,16.3,NA,14,2018-11-20,"LSHCB"
"341","ICHP-18-0073","Micropogonias","undulatus","ICHPLAN","ETOH",NA,12.5,NA,14,2018-11-20,"LSHCB"
"342","ICHP-18-0073","Micropogonias","undulatus","ICHPLAN","ETOH",NA,15.5,NA,14,2018-11-20,"LSHCB"
"343","ICHP-18-0073","Micropogonias","undulatus","ICHPLAN","ETOH",NA,17.7,NA,14,2018-11-20,"LSHCB"
"344","ICHP-18-0073","Micropogonias","undulatus","ICHPLAN","ETOH",NA,10.8,NA,14,2018-11-20,"LSHCB"
"345","ICHP-18-0073","Micropogonias","undulatus","ICHPLAN","ETOH",NA,10.7,NA,14,2018-11-20,"LSHCB"
"346","ICHP-18-0073","Micropogonias","undulatus","ICHPLAN","ETOH",NA,11.4,NA,14,2018-11-20,"LSHCB"
"347","ICHP-18-0073","Micropogonias","undulatus","ICHPLAN","ETOH",NA,9.3,NA,14,2018-11-20,"LSHCB"
"348","ICHP-18-0073","Micropogonias","undulatus","ICHPLAN","ETOH",NA,8.7,NA,14,2018-11-20,"LSHCB"
"349","ICHP-18-0073","Micropogonias","undulatus","ICHPLAN","ETOH",NA,11.8,NA,14,2018-11-20,"LSHCB"
"350","ICHP-18-0077","Micropogonias","undulatus","ICHPLAN","ETOH",NA,10.6,NA,3,2018-09-03,"LSHCB"
"351","ICHP-18-0077","Micropogonias","undulatus","ICHPLAN","ETOH",NA,8.5,NA,3,2018-09-03,"LSHCB"
"352","ICHP-18-0077","Micropogonias","undulatus","ICHPLAN","ETOH",NA,10.6,NA,3,2018-09-03,"LSHCB"
"353","ICHP-18-0116","Micropogonias","undulatus","ICHPLAN","ETOH",NA,7.3,NA,1,2018-09-18,"LSHCB"
"354","ICHP-18-0123","Micropogonias","undulatus","ICHPLAN","ETOH",NA,13.9,NA,44,2018-11-26,"LSHCB"
"355","ICHP-18-0123","Micropogonias","undulatus","ICHPLAN","ETOH",NA,12.2,NA,44,2018-11-26,"LSHCB"
"356","ICHP-18-0123","Micropogonias","undulatus","ICHPLAN","ETOH",NA,14.5,NA,44,2018-11-26,"LSHCB"
"357","ICHP-18-0123","Micropogonias","undulatus","ICHPLAN","ETOH",NA,14,NA,44,2018-11-26,"LSHCB"
"358","ICHP-18-0123","Micropogonias","undulatus","ICHPLAN","ETOH",NA,12.8,NA,44,2018-11-26,"LSHCB"
"359","ICHP-18-0123","Micropogonias","undulatus","ICHPLAN","ETOH",NA,12.4,NA,44,2018-11-26,"LSHCB"
"360","ICHP-18-0123","Micropogonias","undulatus","ICHPLAN","ETOH",NA,14.9,NA,44,2018-11-26,"LSHCB"
"361","ICHP-18-0123","Micropogonias","undulatus","ICHPLAN","ETOH",NA,11.6,NA,44,2018-11-26,"LSHCB"
"362","ICHP-18-0123","Micropogonias","undulatus","ICHPLAN","ETOH",NA,14.8,NA,44,2018-11-26,"LSHCB"
"363","ICHP-18-0123","Micropogonias","undulatus","ICHPLAN","ETOH",NA,15.1,NA,44,2018-11-26,"LSHCB"
"364","ICHP-18-0123","Micropogonias","undulatus","ICHPLAN","ETOH",NA,16.7,NA,44,2018-11-26,"LSHCB"
"365","ICHP-18-0123","Micropogonias","undulatus","ICHPLAN","ETOH",NA,13.9,NA,44,2018-11-26,"LSHCB"
"366","ICHP-18-0123","Micropogonias","undulatus","ICHPLAN","ETOH",NA,12,NA,44,2018-11-26,"LSHCB"
"367","ICHP-18-0123","Micropogonias","undulatus","ICHPLAN","ETOH",NA,13.4,NA,44,2018-11-26,"LSHCB"
"368","ICHP-18-0123","Micropogonias","undulatus","ICHPLAN","ETOH",NA,12.1,NA,44,2018-11-26,"LSHCB"
"369","ICHP-18-0123","Micropogonias","undulatus","ICHPLAN","ETOH",NA,16,NA,44,2018-11-26,"LSHCB"
"370","ICHP-18-0123","Micropogonias","undulatus","ICHPLAN","ETOH",NA,20.4,NA,44,2018-11-26,"LSHCB"
"371","ICHP-18-0123","Micropogonias","undulatus","ICHPLAN","ETOH",NA,17.6,NA,44,2018-11-26,"LSHCB"
"372","ICHP-18-0123","Micropogonias","undulatus","ICHPLAN","ETOH",NA,16,NA,44,2018-11-26,"LSHCB"
"373","ICHP-18-0123","Micropogonias","undulatus","ICHPLAN","ETOH",NA,18.7,NA,44,2018-11-26,"LSHCB"
"374","ICHP-18-0124","Micropogonias","undulatus","ICHPLAN","ETOH",NA,21.3,NA,29,2018-11-26,"LSHCB"
"375","ICHP-18-0124","Micropogonias","undulatus","ICHPLAN","ETOH",NA,16.4,NA,29,2018-11-26,"LSHCB"
"376","ICHP-18-0124","Micropogonias","undulatus","ICHPLAN","ETOH",NA,16.6,NA,29,2018-11-26,"LSHCB"
"377","ICHP-18-0124","Micropogonias","undulatus","ICHPLAN","ETOH",NA,14,NA,29,2018-11-26,"LSHCB"
"378","ICHP-18-0124","Micropogonias","undulatus","ICHPLAN","ETOH",NA,17.8,NA,29,2018-11-26,"LSHCB"
"379","ICHP-18-0124","Micropogonias","undulatus","ICHPLAN","ETOH",NA,8.8,NA,29,2018-11-26,"LSHCB"
"380","ICHP-18-0124","Micropogonias","undulatus","ICHPLAN","ETOH",NA,11,NA,29,2018-11-26,"LSHCB"
"381","ICHP-18-0124","Micropogonias","undulatus","ICHPLAN","ETOH",NA,11.5,NA,29,2018-11-26,"LSHCB"
"382","ICHP-18-0124","Micropogonias","undulatus","ICHPLAN","ETOH",NA,14.4,NA,29,2018-11-26,"LSHCB"
"383","ICHP-18-0124","Micropogonias","undulatus","ICHPLAN","ETOH",NA,15,NA,29,2018-11-26,"LSHCB"
"384","ICHP-18-0124","Micropogonias","undulatus","ICHPLAN","ETOH",NA,16,NA,29,2018-11-26,"LSHCB"
"385","ICHP-18-0124","Micropogonias","undulatus","ICHPLAN","ETOH",NA,13.3,NA,29,2018-11-26,"LSHCB"
"386","ICHP-18-0124","Micropogonias","undulatus","ICHPLAN","ETOH",NA,12.9,NA,29,2018-11-26,"LSHCB"
"387","ICHP-18-0124","Micropogonias","undulatus","ICHPLAN","ETOH",NA,14.3,NA,29,2018-11-26,"LSHCB"
"388","ICHP-18-0124","Micropogonias","undulatus","ICHPLAN","ETOH",NA,12.4,NA,29,2018-11-26,"LSHCB"
"389","ICHP-18-0124","Micropogonias","undulatus","ICHPLAN","ETOH",NA,9.6,NA,29,2018-11-26,"LSHCB"
"390","ICHP-18-0124","Micropogonias","undulatus","ICHPLAN","ETOH",NA,15.9,NA,29,2018-11-26,"LSHCB"
"391","ICHP-18-0124","Micropogonias","undulatus","ICHPLAN","ETOH",NA,12.3,NA,29,2018-11-26,"LSHCB"
"392","ICHP-18-0124","Micropogonias","undulatus","ICHPLAN","ETOH",NA,14,NA,29,2018-11-26,"LSHCB"
"393","ICHP-18-0124","Micropogonias","undulatus","ICHPLAN","ETOH",NA,7,NA,29,2018-11-26,"LSHCB"
"394","ICHP-18-0125","Micropogonias","undulatus","ICHPLAN","ETOH",NA,18.7,NA,8,2018-11-26,"LSHCB"
"395","ICHP-18-0125","Micropogonias","undulatus","ICHPLAN","ETOH",NA,15.8,NA,8,2018-11-26,"LSHCB"
"396","ICHP-18-0125","Micropogonias","undulatus","ICHPLAN","ETOH",NA,15.4,NA,8,2018-11-26,"LSHCB"
"397","ICHP-18-0125","Micropogonias","undulatus","ICHPLAN","ETOH",NA,12.5,NA,8,2018-11-26,"LSHCB"
"398","ICHP-18-0125","Micropogonias","undulatus","ICHPLAN","ETOH",NA,14.6,NA,8,2018-11-26,"LSHCB"
"399","ICHP-18-0125","Micropogonias","undulatus","ICHPLAN","ETOH",NA,10.4,NA,8,2018-11-26,"LSHCB"
"400","ICHP-18-0125","Micropogonias","undulatus","ICHPLAN","ETOH",NA,9.6,NA,8,2018-11-26,"LSHCB"
"401","ICHP-18-0125","Micropogonias","undulatus","ICHPLAN","ETOH",NA,9.1,NA,8,2018-11-26,"LSHCB"
"402","ICHP-18-0135","Micropogonias","undulatus","ICHPLAN","ETOH",NA,13.2,NA,6,2018-12-10,"LSHCB"
"403","ICHP-18-0135","Micropogonias","undulatus","ICHPLAN","ETOH",NA,14,NA,6,2018-12-10,"LSHCB"
"404","ICHP-18-0135","Micropogonias","undulatus","ICHPLAN","ETOH",NA,12.3,NA,6,2018-12-10,"LSHCB"
"405","ICHP-18-0135","Micropogonias","undulatus","ICHPLAN","ETOH",NA,11,NA,6,2018-12-10,"LSHCB"
"406","ICHP-18-0135","Micropogonias","undulatus","ICHPLAN","ETOH",NA,8.8,NA,6,2018-12-10,"LSHCB"
"407","ICHP-18-0135","Micropogonias","undulatus","ICHPLAN","ETOH",NA,8.5,NA,6,2018-12-10,"LSHCB"
"408","ICHP-18-0136","Micropogonias","undulatus","ICHPLAN","ETOH",NA,17.5,NA,7,2018-12-10,"LSHCB"
"409","ICHP-18-0136","Micropogonias","undulatus","ICHPLAN","ETOH",NA,16.2,NA,7,2018-12-10,"LSHCB"
"410","ICHP-18-0136","Micropogonias","undulatus","ICHPLAN","ETOH",NA,18.6,NA,7,2018-12-10,"LSHCB"
"411","ICHP-18-0136","Micropogonias","undulatus","ICHPLAN","ETOH",NA,11.8,NA,7,2018-12-10,"LSHCB"
"412","ICHP-18-0136","Micropogonias","undulatus","ICHPLAN","ETOH",NA,9.7,NA,7,2018-12-10,"LSHCB"
"413","ICHP-18-0136","Micropogonias","undulatus","ICHPLAN","ETOH",NA,10.4,NA,7,2018-12-10,"LSHCB"
"414","ICHP-18-0136","Micropogonias","undulatus","ICHPLAN","ETOH",NA,8.6,NA,7,2018-12-10,"LSHCB"
"415","ICHP-18-0137","Micropogonias","undulatus","ICHPLAN","LIVE",NA,NA,50,19,2018-12-10,"LSHCB"
"416","ICHP-18-0137","Micropogonias","undulatus","ICHPLAN","ETOH",NA,10.2,NA,19,2018-12-10,"LSHCB"
"417","ICHP-18-0137","Micropogonias","undulatus","ICHPLAN","ETOH",NA,13.7,NA,19,2018-12-10,"LSHCB"
"418","ICHP-18-0137","Micropogonias","undulatus","ICHPLAN","ETOH",NA,13.3,NA,19,2018-12-10,"LSHCB"
"419","ICHP-18-0137","Micropogonias","undulatus","ICHPLAN","ETOH",NA,19.1,NA,19,2018-12-10,"LSHCB"
"420","ICHP-18-0137","Micropogonias","undulatus","ICHPLAN","ETOH",NA,18.9,NA,19,2018-12-10,"LSHCB"
"421","ICHP-18-0137","Micropogonias","undulatus","ICHPLAN","ETOH",NA,11.3,NA,19,2018-12-10,"LSHCB"
"422","ICHP-18-0137","Micropogonias","undulatus","ICHPLAN","ETOH",NA,15.9,NA,19,2018-12-10,"LSHCB"
"423","ICHP-18-0137","Micropogonias","undulatus","ICHPLAN","ETOH",NA,19.4,NA,19,2018-12-10,"LSHCB"
"424","ICHP-18-0137","Micropogonias","undulatus","ICHPLAN","ETOH",NA,16.1,NA,19,2018-12-10,"LSHCB"
"425","ICHP-18-0137","Micropogonias","undulatus","ICHPLAN","ETOH",NA,14.2,NA,19,2018-12-10,"LSHCB"
"426","ICHP-18-0137","Micropogonias","undulatus","ICHPLAN","ETOH",NA,15.8,NA,19,2018-12-10,"LSHCB"
"427","ICHP-18-0137","Micropogonias","undulatus","ICHPLAN","ETOH",NA,14,NA,19,2018-12-10,"LSHCB"
"428","ICHP-18-0137","Micropogonias","undulatus","ICHPLAN","ETOH",NA,9.4,NA,19,2018-12-10,"LSHCB"
"429","ICHP-18-0137","Micropogonias","undulatus","ICHPLAN","ETOH",NA,11.9,NA,19,2018-12-10,"LSHCB"
"430","ICHP-18-0137","Micropogonias","undulatus","ICHPLAN","ETOH",NA,21,NA,19,2018-12-10,"LSHCB"
"431","ICHP-18-0137","Micropogonias","undulatus","ICHPLAN","ETOH",NA,19.3,NA,19,2018-12-10,"LSHCB"
"432","ICHP-18-0137","Micropogonias","undulatus","ICHPLAN","ETOH",NA,11.9,NA,19,2018-12-10,"LSHCB"
"433","ICHP-18-0137","Micropogonias","undulatus","ICHPLAN","ETOH",NA,17.3,NA,19,2018-12-10,"LSHCB"
"434","ICHP-19-0001","Micropogonias","undulatus","ICHPLAN","ETOH",NA,7.2,NA,3,2019-10-08,"LSHCB"
"435","ICHP-19-0001","Micropogonias","undulatus","ICHPLAN","ETOH",NA,4.9,NA,3,2019-10-08,"LSHCB"
"436","ICHP-19-0001","Micropogonias","undulatus","ICHPLAN","ETOH",NA,6.6,NA,3,2019-10-08,"LSHCB"
"437","ICHP-19-0002","Micropogonias","undulatus","ICHPLAN","ETOH",NA,5.7,NA,5,2019-10-08,"LSHCB"
"438","ICHP-19-0002","Micropogonias","undulatus","ICHPLAN","ETOH",NA,6.2,NA,5,2019-10-08,"LSHCB"
"439","ICHP-19-0002","Micropogonias","undulatus","ICHPLAN","ETOH",NA,4.8,NA,5,2019-10-08,"LSHCB"
"440","ICHP-19-0002","Micropogonias","undulatus","ICHPLAN","ETOH",NA,4.5,NA,5,2019-10-08,"LSHCB"
"441","ICHP-19-0002","Micropogonias","undulatus","ICHPLAN","ETOH",NA,5.4,NA,5,2019-10-08,"LSHCB"
"442","ICHP-19-0003","Micropogonias","undulatus","ICHPLAN","ETOH",NA,8.1,NA,7,2019-10-08,"LSHCB"
"443","ICHP-19-0003","Micropogonias","undulatus","ICHPLAN","ETOH",NA,6.8,NA,7,2019-10-08,"LSHCB"
"444","ICHP-19-0003","Micropogonias","undulatus","ICHPLAN","ETOH",NA,13.3,NA,7,2019-10-08,"LSHCB"
"445","ICHP-19-0003","Micropogonias","undulatus","ICHPLAN","ETOH",NA,5,NA,7,2019-10-08,"LSHCB"
"446","ICHP-19-0003","Micropogonias","undulatus","ICHPLAN","ETOH",NA,4.9,NA,7,2019-10-08,"LSHCB"
"447","ICHP-19-0003","Micropogonias","undulatus","ICHPLAN","ETOH",NA,4.9,NA,7,2019-10-08,"LSHCB"
"448","ICHP-19-0003","Micropogonias","undulatus","ICHPLAN","ETOH",NA,6.3,NA,7,2019-10-08,"LSHCB"
"449","ICHP-19-0013","Micropogonias","undulatus","ICHPLAN","ETOH",NA,7.1,NA,2,2019-10-15,"LSHCB"
"450","ICHP-19-0013","Micropogonias","undulatus","ICHPLAN","ETOH",NA,8.7,NA,2,2019-10-15,"LSHCB"
"451","ICHP-19-0014","Micropogonias","undulatus","ICHPLAN","ETOH",NA,6.8,NA,1,2019-10-15,"LSHCB"
"452","ICHP-19-0015","Micropogonias","undulatus","ICHPLAN","ETOH",NA,5.1,NA,3,2019-10-15,"LSHCB"
"453","ICHP-19-0015","Micropogonias","undulatus","ICHPLAN","ETOH",NA,7.7,NA,3,2019-10-15,"LSHCB"
"454","ICHP-19-0015","Micropogonias","undulatus","ICHPLAN","ETOH",NA,8.2,NA,3,2019-10-15,"LSHCB"
"455","ICHP-19-0025","Micropogonias","undulatus","ICHPLAN","ETOH",NA,19.8,NA,11,2019-10-22,"LSHCB"
"456","ICHP-19-0025","Micropogonias","undulatus","ICHPLAN","ETOH",NA,10.9,NA,11,2019-10-22,"LSHCB"
"457","ICHP-19-0025","Micropogonias","undulatus","ICHPLAN","ETOH",NA,18.6,NA,11,2019-10-22,"LSHCB"
"458","ICHP-19-0025","Micropogonias","undulatus","ICHPLAN","ETOH",NA,10.2,NA,11,2019-10-22,"LSHCB"
"459","ICHP-19-0025","Micropogonias","undulatus","ICHPLAN","ETOH",NA,10,NA,11,2019-10-22,"LSHCB"
"460","ICHP-19-0025","Micropogonias","undulatus","ICHPLAN","ETOH",NA,10,NA,11,2019-10-22,"LSHCB"
"461","ICHP-19-0025","Micropogonias","undulatus","ICHPLAN","ETOH",NA,12.8,NA,11,2019-10-22,"LSHCB"
"462","ICHP-19-0025","Micropogonias","undulatus","ICHPLAN","ETOH",NA,11.6,NA,11,2019-10-22,"LSHCB"
"463","ICHP-19-0025","Micropogonias","undulatus","ICHPLAN","ETOH",NA,10,NA,11,2019-10-22,"LSHCB"
"464","ICHP-19-0025","Micropogonias","undulatus","ICHPLAN","ETOH",NA,10.7,NA,11,2019-10-22,"LSHCB"
"465","ICHP-19-0025","Micropogonias","undulatus","ICHPLAN","ETOH",NA,8.5,NA,11,2019-10-22,"LSHCB"
"466","ICHP-19-0026","Micropogonias","undulatus","ICHPLAN","ETOH",NA,9.3,NA,22,2019-10-22,"LSHCB"
"467","ICHP-19-0026","Micropogonias","undulatus","ICHPLAN","ETOH",NA,11,NA,22,2019-10-22,"LSHCB"
"468","ICHP-19-0026","Micropogonias","undulatus","ICHPLAN","ETOH",NA,12.2,NA,22,2019-10-22,"LSHCB"
"469","ICHP-19-0026","Micropogonias","undulatus","ICHPLAN","ETOH",NA,12.9,NA,22,2019-10-22,"LSHCB"
"470","ICHP-19-0026","Micropogonias","undulatus","ICHPLAN","ETOH",NA,8.3,NA,22,2019-10-22,"LSHCB"
"471","ICHP-19-0026","Micropogonias","undulatus","ICHPLAN","ETOH",NA,9.9,NA,22,2019-10-22,"LSHCB"
"472","ICHP-19-0026","Micropogonias","undulatus","ICHPLAN","ETOH",NA,9.5,NA,22,2019-10-22,"LSHCB"
"473","ICHP-19-0026","Micropogonias","undulatus","ICHPLAN","ETOH",NA,9.8,NA,22,2019-10-22,"LSHCB"
"474","ICHP-19-0026","Micropogonias","undulatus","ICHPLAN","ETOH",NA,8.5,NA,22,2019-10-22,"LSHCB"
"475","ICHP-19-0026","Micropogonias","undulatus","ICHPLAN","ETOH",NA,17,NA,22,2019-10-22,"LSHCB"
"476","ICHP-19-0026","Micropogonias","undulatus","ICHPLAN","ETOH",NA,19.7,NA,22,2019-10-22,"LSHCB"
"477","ICHP-19-0026","Micropogonias","undulatus","ICHPLAN","ETOH",NA,12.3,NA,22,2019-10-22,"LSHCB"
"478","ICHP-19-0026","Micropogonias","undulatus","ICHPLAN","ETOH",NA,10.6,NA,22,2019-10-22,"LSHCB"
"479","ICHP-19-0026","Micropogonias","undulatus","ICHPLAN","ETOH",NA,10.5,NA,22,2019-10-22,"LSHCB"
"480","ICHP-19-0026","Micropogonias","undulatus","ICHPLAN","ETOH",NA,10,NA,22,2019-10-22,"LSHCB"
"481","ICHP-19-0026","Micropogonias","undulatus","ICHPLAN","ETOH",NA,18.5,NA,22,2019-10-22,"LSHCB"
"482","ICHP-19-0026","Micropogonias","undulatus","ICHPLAN","ETOH",NA,18.3,NA,22,2019-10-22,"LSHCB"
"483","ICHP-19-0026","Micropogonias","undulatus","ICHPLAN","ETOH",NA,10.2,NA,22,2019-10-22,"LSHCB"
"484","ICHP-19-0026","Micropogonias","undulatus","ICHPLAN","ETOH",NA,10.2,NA,22,2019-10-22,"LSHCB"
"485","ICHP-19-0026","Micropogonias","undulatus","ICHPLAN","ETOH",NA,9.3,NA,22,2019-10-22,"LSHCB"
"486","ICHP-19-0027","Micropogonias","undulatus","ICHPLAN","ETOH",NA,11.9,NA,25,2019-10-22,"LSHCB"
"487","ICHP-19-0027","Micropogonias","undulatus","ICHPLAN","ETOH",NA,13,NA,25,2019-10-22,"LSHCB"
"488","ICHP-19-0027","Micropogonias","undulatus","ICHPLAN","ETOH",NA,9.3,NA,25,2019-10-22,"LSHCB"
"489","ICHP-19-0027","Micropogonias","undulatus","ICHPLAN","ETOH",NA,9.4,NA,25,2019-10-22,"LSHCB"
"490","ICHP-19-0027","Micropogonias","undulatus","ICHPLAN","ETOH",NA,10.6,NA,25,2019-10-22,"LSHCB"
"491","ICHP-19-0027","Micropogonias","undulatus","ICHPLAN","ETOH",NA,9.9,NA,25,2019-10-22,"LSHCB"
"492","ICHP-19-0027","Micropogonias","undulatus","ICHPLAN","ETOH",NA,11.8,NA,25,2019-10-22,"LSHCB"
"493","ICHP-19-0027","Micropogonias","undulatus","ICHPLAN","ETOH",NA,9.6,NA,25,2019-10-22,"LSHCB"
"494","ICHP-19-0027","Micropogonias","undulatus","ICHPLAN","ETOH",NA,9.4,NA,25,2019-10-22,"LSHCB"
"495","ICHP-19-0027","Micropogonias","undulatus","ICHPLAN","ETOH",NA,10.7,NA,25,2019-10-22,"LSHCB"
"496","ICHP-19-0027","Micropogonias","undulatus","ICHPLAN","ETOH",NA,11.3,NA,25,2019-10-22,"LSHCB"
"497","ICHP-19-0027","Micropogonias","undulatus","ICHPLAN","ETOH",NA,10,NA,25,2019-10-22,"LSHCB"
"498","ICHP-19-0027","Micropogonias","undulatus","ICHPLAN","ETOH",NA,10.6,NA,25,2019-10-22,"LSHCB"
"499","ICHP-19-0027","Micropogonias","undulatus","ICHPLAN","ETOH",NA,9.4,NA,25,2019-10-22,"LSHCB"
"500","ICHP-19-0027","Micropogonias","undulatus","ICHPLAN","ETOH",NA,9.3,NA,25,2019-10-22,"LSHCB"
"501","ICHP-19-0027","Micropogonias","undulatus","ICHPLAN","ETOH",NA,14.2,NA,25,2019-10-22,"LSHCB"
"502","ICHP-19-0027","Micropogonias","undulatus","ICHPLAN","ETOH",NA,10.9,NA,25,2019-10-22,"LSHCB"
"503","ICHP-19-0027","Micropogonias","undulatus","ICHPLAN","ETOH",NA,10.8,NA,25,2019-10-22,"LSHCB"
"504","ICHP-19-0027","Micropogonias","undulatus","ICHPLAN","ETOH",NA,9.5,NA,25,2019-10-22,"LSHCB"
"505","ICHP-19-0027","Micropogonias","undulatus","ICHPLAN","ETOH",NA,10.8,NA,25,2019-10-22,"LSHCB"
"506","ICHP-19-0037","Micropogonias","undulatus","ICHPLAN","ETOH",NA,11.1,NA,9,2019-10-30,"LSHCB"
"507","ICHP-19-0037","Micropogonias","undulatus","ICHPLAN","ETOH",NA,8.4,NA,9,2019-10-30,"LSHCB"
"508","ICHP-19-0037","Micropogonias","undulatus","ICHPLAN","ETOH",NA,11.1,NA,9,2019-10-30,"LSHCB"
"509","ICHP-19-0037","Micropogonias","undulatus","ICHPLAN","ETOH",NA,8.4,NA,9,2019-10-30,"LSHCB"
"510","ICHP-19-0037","Micropogonias","undulatus","ICHPLAN","ETOH",NA,9,NA,9,2019-10-30,"LSHCB"
"511","ICHP-19-0037","Micropogonias","undulatus","ICHPLAN","ETOH",NA,11.3,NA,9,2019-10-30,"LSHCB"
"512","ICHP-19-0037","Micropogonias","undulatus","ICHPLAN","ETOH",NA,11.4,NA,9,2019-10-30,"LSHCB"
"513","ICHP-19-0037","Micropogonias","undulatus","ICHPLAN","ETOH",NA,10,NA,9,2019-10-30,"LSHCB"
"514","ICHP-19-0037","Micropogonias","undulatus","ICHPLAN","ETOH",NA,8.7,NA,9,2019-10-30,"LSHCB"
"515","ICHP-19-0038","Micropogonias","undulatus","ICHPLAN","ETOH",NA,10,NA,9,2019-10-30,"LSHCB"
"516","ICHP-19-0038","Micropogonias","undulatus","ICHPLAN","ETOH",NA,11.6,NA,9,2019-10-30,"LSHCB"
"517","ICHP-19-0038","Micropogonias","undulatus","ICHPLAN","ETOH",NA,9.8,NA,9,2019-10-30,"LSHCB"
"518","ICHP-19-0038","Micropogonias","undulatus","ICHPLAN","ETOH",NA,7.2,NA,9,2019-10-30,"LSHCB"
"519","ICHP-19-0038","Micropogonias","undulatus","ICHPLAN","ETOH",NA,8.5,NA,9,2019-10-30,"LSHCB"
"520","ICHP-19-0038","Micropogonias","undulatus","ICHPLAN","ETOH",NA,8.2,NA,9,2019-10-30,"LSHCB"
"521","ICHP-19-0038","Micropogonias","undulatus","ICHPLAN","ETOH",NA,10.3,NA,9,2019-10-30,"LSHCB"
"522","ICHP-19-0038","Micropogonias","undulatus","ICHPLAN","ETOH",NA,10.5,NA,9,2019-10-30,"LSHCB"
"523","ICHP-19-0038","Micropogonias","undulatus","ICHPLAN","ETOH",NA,10.4,NA,9,2019-10-30,"LSHCB"
"524","ICHP-19-0039","Micropogonias","undulatus","ICHPLAN","ETOH",NA,10.8,NA,46,2019-10-30,"LSHCB"
"525","ICHP-19-0039","Micropogonias","undulatus","ICHPLAN","ETOH",NA,11.4,NA,46,2019-10-30,"LSHCB"
"526","ICHP-19-0039","Micropogonias","undulatus","ICHPLAN","ETOH",NA,8.4,NA,46,2019-10-30,"LSHCB"
"527","ICHP-19-0039","Micropogonias","undulatus","ICHPLAN","ETOH",NA,9.2,NA,46,2019-10-30,"LSHCB"
"528","ICHP-19-0039","Micropogonias","undulatus","ICHPLAN","ETOH",NA,15.9,NA,46,2019-10-30,"LSHCB"
"529","ICHP-19-0039","Micropogonias","undulatus","ICHPLAN","ETOH",NA,8.8,NA,46,2019-10-30,"LSHCB"
"530","ICHP-19-0039","Micropogonias","undulatus","ICHPLAN","ETOH",NA,11.8,NA,46,2019-10-30,"LSHCB"
"531","ICHP-19-0039","Micropogonias","undulatus","ICHPLAN","ETOH",NA,9.2,NA,46,2019-10-30,"LSHCB"
"532","ICHP-19-0039","Micropogonias","undulatus","ICHPLAN","ETOH",NA,8.9,NA,46,2019-10-30,"LSHCB"
"533","ICHP-19-0039","Micropogonias","undulatus","ICHPLAN","ETOH",NA,8.6,NA,46,2019-10-30,"LSHCB"
"534","ICHP-19-0039","Micropogonias","undulatus","ICHPLAN","ETOH",NA,10.5,NA,46,2019-10-30,"LSHCB"
"535","ICHP-19-0039","Micropogonias","undulatus","ICHPLAN","ETOH",NA,12,NA,46,2019-10-30,"LSHCB"
"536","ICHP-19-0039","Micropogonias","undulatus","ICHPLAN","ETOH",NA,9.3,NA,46,2019-10-30,"LSHCB"
"537","ICHP-19-0039","Micropogonias","undulatus","ICHPLAN","ETOH",NA,9.4,NA,46,2019-10-30,"LSHCB"
"538","ICHP-19-0039","Micropogonias","undulatus","ICHPLAN","ETOH",NA,9.4,NA,46,2019-10-30,"LSHCB"
"539","ICHP-19-0039","Micropogonias","undulatus","ICHPLAN","ETOH",NA,9.5,NA,46,2019-10-30,"LSHCB"
"540","ICHP-19-0039","Micropogonias","undulatus","ICHPLAN","ETOH",NA,8.3,NA,46,2019-10-30,"LSHCB"
"541","ICHP-19-0039","Micropogonias","undulatus","ICHPLAN","ETOH",NA,9.3,NA,46,2019-10-30,"LSHCB"
"542","ICHP-19-0039","Micropogonias","undulatus","ICHPLAN","ETOH",NA,9.2,NA,46,2019-10-30,"LSHCB"
"543","ICHP-19-0039","Micropogonias","undulatus","ICHPLAN","ETOH",NA,14.4,NA,46,2019-10-30,"LSHCB"
"544","ICHP-17-0082","Micropogonias","undulatus","ICHPLAN","ETOH",NA,8.1,NA,3,2017-01-02,"LSHCB"
"545","ICHP-17-0082","Micropogonias","undulatus","ICHPLAN","ETOH",NA,6.7,NA,3,2017-01-02,"LSHCB"
"546","ICHP-17-0082","Micropogonias","undulatus","ICHPLAN","ETOH",NA,8,NA,3,2017-01-02,"LSHCB"
"547","ICHP-17-0083","Micropogonias","undulatus","ICHPLAN","ETOH",NA,7.8,NA,3,2017-01-02,"LSHCB"
"548","ICHP-17-0083","Micropogonias","undulatus","ICHPLAN","ETOH",NA,29.8,NA,3,2017-01-02,"LSHCB"
"549","ICHP-17-0083","Micropogonias","undulatus","ICHPLAN","ETOH",NA,8,NA,3,2017-01-02,"LSHCB"
"550","ICHP-17-0091","Micropogonias","undulatus","ICHPLAN","LIVE",NA,NA,46,1,2017-01-16,"LSHCB"
"551","ICHP-17-0098","Micropogonias","undulatus","ICHPLAN",NA,NA,NA,NA,1,2017-01-30,"LSHCB"
"552","ICHP-17-0100","Micropogonias","undulatus","ICHPLAN","ETOH",NA,12,NA,2,2017-01-30,"LSHCB"
"553","ICHP-17-0100","Micropogonias","undulatus","ICHPLAN","ETOH",NA,8.9,NA,2,2017-01-30,"LSHCB"
"554","ICHP-17-0101","Micropogonias","undulatus","ICHPLAN","ETOH",NA,11.6,NA,1,2017-01-30,"LSHCB"
"555","ICHP-17-0103","Micropogonias","undulatus","ICHPLAN","LIVE",NA,NA,29,1,2017-02-07,"LSHCB"
"556","ICHP-17-0104","Micropogonias","undulatus","ICHPLAN","LIVE",NA,NA,29,1,2017-02-07,"LSHCB"
"557","ICHP-17-0111","Micropogonias","undulatus","ICHPLAN","ETOH",NA,8.8,NA,1,2017-02-20,"LSHCB"
"558","ICHP-17-0112","Micropogonias","undulatus","ICHPLAN","ETOH",NA,9,NA,2,2017-02-20,"LSHCB"
"559","ICHP-17-0112","Micropogonias","undulatus","ICHPLAN","ETOH",NA,8.8,NA,2,2017-02-20,"LSHCB"
"560","ICHP-17-0114","Micropogonias","undulatus","ICHPLAN","ETOH",NA,8.2,NA,1,2017-02-28,"LSHCB"
"561","ICHP-17-0115","Micropogonias","undulatus","ICHPLAN","ETOH",NA,9,NA,1,2017-02-28,"LSHCB"
"562","ICHP-17-0116","Micropogonias","undulatus","ICHPLAN","ETOH",NA,10.1,NA,1,2017-02-28,"LSHCB"
"563","ICHP-17-0171","Micropogonias","undulatus","ICHPLAN","ETOH",NA,8.6,NA,32,2017-09-11,"LSHCB"
"564","ICHP-17-0171","Micropogonias","undulatus","ICHPLAN","ETOH",NA,8,NA,32,2017-09-11,"LSHCB"
"565","ICHP-17-0171","Micropogonias","undulatus","ICHPLAN","ETOH",NA,8.3,NA,32,2017-09-11,"LSHCB"
"566","ICHP-17-0171","Micropogonias","undulatus","ICHPLAN","ETOH",NA,9.6,NA,32,2017-09-11,"LSHCB"
"567","ICHP-17-0171","Micropogonias","undulatus","ICHPLAN","ETOH",NA,11.2,NA,32,2017-09-11,"LSHCB"
"568","ICHP-17-0171","Micropogonias","undulatus","ICHPLAN","ETOH",NA,8.5,NA,32,2017-09-11,"LSHCB"
"569","ICHP-17-0171","Micropogonias","undulatus","ICHPLAN","ETOH",NA,9.3,NA,32,2017-09-11,"LSHCB"
"570","ICHP-17-0171","Micropogonias","undulatus","ICHPLAN","ETOH",NA,9,NA,32,2017-09-11,"LSHCB"
"571","ICHP-17-0171","Micropogonias","undulatus","ICHPLAN","ETOH",NA,8.1,NA,32,2017-09-11,"LSHCB"
"572","ICHP-17-0171","Micropogonias","undulatus","ICHPLAN","ETOH",NA,8,NA,32,2017-09-11,"LSHCB"
"573","ICHP-17-0171","Micropogonias","undulatus","ICHPLAN","ETOH",NA,11.8,NA,32,2017-09-11,"LSHCB"
"574","ICHP-17-0171","Micropogonias","undulatus","ICHPLAN","ETOH",NA,8.4,NA,32,2017-09-11,"LSHCB"
"575","ICHP-17-0171","Micropogonias","undulatus","ICHPLAN","ETOH",NA,7.2,NA,32,2017-09-11,"LSHCB"
"576","ICHP-17-0171","Micropogonias","undulatus","ICHPLAN","ETOH",NA,8.9,NA,32,2017-09-11,"LSHCB"
"577","ICHP-17-0171","Micropogonias","undulatus","ICHPLAN","ETOH",NA,8.4,NA,32,2017-09-11,"LSHCB"
"578","ICHP-17-0171","Micropogonias","undulatus","ICHPLAN","ETOH",NA,9.2,NA,32,2017-09-11,"LSHCB"
"579","ICHP-17-0171","Micropogonias","undulatus","ICHPLAN","ETOH",NA,10.2,NA,32,2017-09-11,"LSHCB"
"580","ICHP-17-0171","Micropogonias","undulatus","ICHPLAN","ETOH",NA,7.6,NA,32,2017-09-11,"LSHCB"
"581","ICHP-17-0171","Micropogonias","undulatus","ICHPLAN","ETOH",NA,8.9,NA,32,2017-09-11,"LSHCB"
"582","ICHP-17-0171","Micropogonias","undulatus","ICHPLAN","ETOH",NA,9.6,NA,32,2017-09-11,"LSHCB"
"583","ICHP-17-0172","Micropogonias","undulatus","ICHPLAN","ETOH",NA,9.1,NA,77,2017-09-11,"LSHCB"
"584","ICHP-17-0172","Micropogonias","undulatus","ICHPLAN","ETOH",NA,6.6,NA,77,2017-09-11,"LSHCB"
"585","ICHP-17-0172","Micropogonias","undulatus","ICHPLAN","ETOH",NA,7.5,NA,77,2017-09-11,"LSHCB"
"586","ICHP-17-0172","Micropogonias","undulatus","ICHPLAN","ETOH",NA,7.7,NA,77,2017-09-11,"LSHCB"
"587","ICHP-17-0172","Micropogonias","undulatus","ICHPLAN","ETOH",NA,8.1,NA,77,2017-09-11,"LSHCB"
"588","ICHP-17-0172","Micropogonias","undulatus","ICHPLAN","ETOH",NA,7.3,NA,77,2017-09-11,"LSHCB"
"589","ICHP-17-0172","Micropogonias","undulatus","ICHPLAN","ETOH",NA,8.2,NA,77,2017-09-11,"LSHCB"
"590","ICHP-17-0172","Micropogonias","undulatus","ICHPLAN","ETOH",NA,7.7,NA,77,2017-09-11,"LSHCB"
"591","ICHP-17-0172","Micropogonias","undulatus","ICHPLAN","ETOH",NA,8.3,NA,77,2017-09-11,"LSHCB"
"592","ICHP-17-0172","Micropogonias","undulatus","ICHPLAN","ETOH",NA,6.6,NA,77,2017-09-11,"LSHCB"
"593","ICHP-17-0172","Micropogonias","undulatus","ICHPLAN","ETOH",NA,8.4,NA,77,2017-09-11,"LSHCB"
"594","ICHP-17-0172","Micropogonias","undulatus","ICHPLAN","ETOH",NA,8,NA,77,2017-09-11,"LSHCB"
"595","ICHP-17-0172","Micropogonias","undulatus","ICHPLAN","ETOH",NA,6.8,NA,77,2017-09-11,"LSHCB"
"596","ICHP-17-0172","Micropogonias","undulatus","ICHPLAN","ETOH",NA,9.3,NA,77,2017-09-11,"LSHCB"
"597","ICHP-17-0172","Micropogonias","undulatus","ICHPLAN","ETOH",NA,10.5,NA,77,2017-09-11,"LSHCB"
"598","ICHP-17-0172","Micropogonias","undulatus","ICHPLAN","ETOH",NA,8.2,NA,77,2017-09-11,"LSHCB"
"599","ICHP-17-0172","Micropogonias","undulatus","ICHPLAN","ETOH",NA,9,NA,77,2017-09-11,"LSHCB"
"600","ICHP-17-0172","Micropogonias","undulatus","ICHPLAN","ETOH",NA,8,NA,77,2017-09-11,"LSHCB"
"601","ICHP-17-0172","Micropogonias","undulatus","ICHPLAN","ETOH",NA,9,NA,77,2017-09-11,"LSHCB"
"602","ICHP-17-0172","Micropogonias","undulatus","ICHPLAN","ETOH",NA,7.1,NA,77,2017-09-11,"LSHCB"
"603","ICHP-17-0173","Micropogonias","undulatus","ICHPLAN","ETOH",NA,11.8,NA,31,2017-09-11,"LSHCB"
"604","ICHP-17-0173","Micropogonias","undulatus","ICHPLAN","ETOH",NA,9.1,NA,31,2017-09-11,"LSHCB"
"605","ICHP-17-0173","Micropogonias","undulatus","ICHPLAN","ETOH",NA,7.8,NA,31,2017-09-11,"LSHCB"
"606","ICHP-17-0173","Micropogonias","undulatus","ICHPLAN","ETOH",NA,8.1,NA,31,2017-09-11,"LSHCB"
"607","ICHP-17-0173","Micropogonias","undulatus","ICHPLAN","ETOH",NA,11.9,NA,31,2017-09-11,"LSHCB"
"608","ICHP-17-0173","Micropogonias","undulatus","ICHPLAN","ETOH",NA,9.3,NA,31,2017-09-11,"LSHCB"
"609","ICHP-17-0173","Micropogonias","undulatus","ICHPLAN","ETOH",NA,6.1,NA,31,2017-09-11,"LSHCB"
"610","ICHP-17-0173","Micropogonias","undulatus","ICHPLAN","ETOH",NA,7.4,NA,31,2017-09-11,"LSHCB"
"611","ICHP-17-0173","Micropogonias","undulatus","ICHPLAN","ETOH",NA,6.9,NA,31,2017-09-11,"LSHCB"
"612","ICHP-17-0173","Micropogonias","undulatus","ICHPLAN","ETOH",NA,8.1,NA,31,2017-09-11,"LSHCB"
"613","ICHP-17-0173","Micropogonias","undulatus","ICHPLAN","ETOH",NA,6.5,NA,31,2017-09-11,"LSHCB"
"614","ICHP-17-0173","Micropogonias","undulatus","ICHPLAN","ETOH",NA,6.5,NA,31,2017-09-11,"LSHCB"
"615","ICHP-17-0173","Micropogonias","undulatus","ICHPLAN","ETOH",NA,10.4,NA,31,2017-09-11,"LSHCB"
"616","ICHP-17-0173","Micropogonias","undulatus","ICHPLAN","ETOH",NA,9.8,NA,31,2017-09-11,"LSHCB"
"617","ICHP-17-0173","Micropogonias","undulatus","ICHPLAN","ETOH",NA,10.3,NA,31,2017-09-11,"LSHCB"
"618","ICHP-17-0173","Micropogonias","undulatus","ICHPLAN","ETOH",NA,7,NA,31,2017-09-11,"LSHCB"
"619","ICHP-17-0173","Micropogonias","undulatus","ICHPLAN","ETOH",NA,7.8,NA,31,2017-09-11,"LSHCB"
"620","ICHP-17-0173","Micropogonias","undulatus","ICHPLAN","ETOH",NA,7.7,NA,31,2017-09-11,"LSHCB"
"621","ICHP-17-0173","Micropogonias","undulatus","ICHPLAN","ETOH",NA,8.9,NA,31,2017-09-11,"LSHCB"
"622","ICHP-17-0173","Micropogonias","undulatus","ICHPLAN","ETOH",NA,7.1,NA,31,2017-09-11,"LSHCB"
"623","ICHP-17-0174","Micropogonias","undulatus","ICHPLAN","ETOH",NA,10,NA,20,2017-09-11,"LSHCB"
"624","ICHP-17-0174","Micropogonias","undulatus","ICHPLAN","ETOH",NA,10.1,NA,20,2017-09-11,"LSHCB"
"625","ICHP-17-0174","Micropogonias","undulatus","ICHPLAN","ETOH",NA,9.3,NA,20,2017-09-11,"LSHCB"
"626","ICHP-17-0174","Micropogonias","undulatus","ICHPLAN","ETOH",NA,6.5,NA,20,2017-09-11,"LSHCB"
"627","ICHP-17-0174","Micropogonias","undulatus","ICHPLAN","ETOH",NA,9.1,NA,20,2017-09-11,"LSHCB"
"628","ICHP-17-0174","Micropogonias","undulatus","ICHPLAN","ETOH",NA,8.4,NA,20,2017-09-11,"LSHCB"
"629","ICHP-17-0174","Micropogonias","undulatus","ICHPLAN","ETOH",NA,8.6,NA,20,2017-09-11,"LSHCB"
"630","ICHP-17-0174","Micropogonias","undulatus","ICHPLAN","ETOH",NA,8.5,NA,20,2017-09-11,"LSHCB"
"631","ICHP-17-0174","Micropogonias","undulatus","ICHPLAN","ETOH",NA,12.8,NA,20,2017-09-11,"LSHCB"
"632","ICHP-17-0174","Micropogonias","undulatus","ICHPLAN","ETOH",NA,7.7,NA,20,2017-09-11,"LSHCB"
"633","ICHP-17-0174","Micropogonias","undulatus","ICHPLAN","ETOH",NA,6.3,NA,20,2017-09-11,"LSHCB"
"634","ICHP-17-0174","Micropogonias","undulatus","ICHPLAN","ETOH",NA,8.3,NA,20,2017-09-11,"LSHCB"
"635","ICHP-17-0174","Micropogonias","undulatus","ICHPLAN","ETOH",NA,7.6,NA,20,2017-09-11,"LSHCB"
"636","ICHP-17-0174","Micropogonias","undulatus","ICHPLAN","ETOH",NA,8,NA,20,2017-09-11,"LSHCB"
"637","ICHP-17-0174","Micropogonias","undulatus","ICHPLAN","ETOH",NA,7.1,NA,20,2017-09-11,"LSHCB"
"638","ICHP-17-0174","Micropogonias","undulatus","ICHPLAN","ETOH",NA,6.7,NA,20,2017-09-11,"LSHCB"
"639","ICHP-17-0174","Micropogonias","undulatus","ICHPLAN","ETOH",NA,7,NA,20,2017-09-11,"LSHCB"
"640","ICHP-17-0174","Micropogonias","undulatus","ICHPLAN","ETOH",NA,7.2,NA,20,2017-09-11,"LSHCB"
"641","ICHP-17-0174","Micropogonias","undulatus","ICHPLAN","ETOH",NA,7.8,NA,20,2017-09-11,"LSHCB"
"642","ICHP-17-0174","Micropogonias","undulatus","ICHPLAN","ETOH",NA,7.8,NA,20,2017-09-11,"LSHCB"
"643","ICHP-17-0176","Micropogonias","undulatus","ICHPLAN","ETOH",NA,11.7,NA,4,2017-09-27,"LSHCB"
"644","ICHP-17-0176","Micropogonias","undulatus","ICHPLAN","ETOH",NA,10.5,NA,4,2017-09-27,"LSHCB"
"645","ICHP-17-0176","Micropogonias","undulatus","ICHPLAN","ETOH",NA,7.4,NA,4,2017-09-27,"LSHCB"
"646","ICHP-17-0176","Micropogonias","undulatus","ICHPLAN","ETOH",NA,13.5,NA,4,2017-09-27,"LSHCB"
"647","ICHP-17-0177","Micropogonias","undulatus","ICHPLAN","ETOH",NA,8.8,NA,1,2017-09-27,"LSHCB"
"648","ICHP-17-0179","Micropogonias","undulatus","ICHPLAN","ETOH",NA,14,NA,8,2017-10-09,"LSHCB"
"649","ICHP-17-0179","Micropogonias","undulatus","ICHPLAN","ETOH",NA,12.6,NA,8,2017-10-09,"LSHCB"
"650","ICHP-17-0179","Micropogonias","undulatus","ICHPLAN","ETOH",NA,15.1,NA,8,2017-10-09,"LSHCB"
"651","ICHP-17-0179","Micropogonias","undulatus","ICHPLAN","ETOH",NA,14.5,NA,8,2017-10-09,"LSHCB"
"652","ICHP-17-0179","Micropogonias","undulatus","ICHPLAN","ETOH",NA,15.7,NA,8,2017-10-09,"LSHCB"
"653","ICHP-17-0179","Micropogonias","undulatus","ICHPLAN","ETOH",NA,10.7,NA,8,2017-10-09,"LSHCB"
"654","ICHP-17-0179","Micropogonias","undulatus","ICHPLAN","ETOH",NA,15.3,NA,8,2017-10-09,"LSHCB"
"655","ICHP-17-0179","Micropogonias","undulatus","ICHPLAN","ETOH",NA,6.7,NA,8,2017-10-09,"LSHCB"
"656","ICHP-17-0180","Micropogonias","undulatus","ICHPLAN","ETOH",NA,13.8,NA,3,2017-10-09,"LSHCB"
"657","ICHP-17-0180","Micropogonias","undulatus","ICHPLAN","ETOH",NA,12.1,NA,3,2017-10-09,"LSHCB"
"658","ICHP-17-0180","Micropogonias","undulatus","ICHPLAN","ETOH",NA,16.2,NA,3,2017-10-09,"LSHCB"
"659","ICHP-17-0181","Micropogonias","undulatus","ICHPLAN","ETOH",NA,7.5,NA,5,2017-10-09,"LSHCB"
"660","ICHP-17-0181","Micropogonias","undulatus","ICHPLAN","ETOH",NA,13,NA,5,2017-10-09,"LSHCB"
"661","ICHP-17-0181","Micropogonias","undulatus","ICHPLAN","ETOH",NA,14.5,NA,5,2017-10-09,"LSHCB"
"662","ICHP-17-0181","Micropogonias","undulatus","ICHPLAN","ETOH",NA,8.3,NA,5,2017-10-09,"LSHCB"
"663","ICHP-17-0181","Micropogonias","undulatus","ICHPLAN","ETOH",NA,14.9,NA,5,2017-10-09,"LSHCB"
"664","ICHP-17-0182","Micropogonias","undulatus","ICHPLAN","ETOH",NA,15.5,NA,1,2017-10-09,"LSHCB"
"665","ICHP-17-0187","Micropogonias","undulatus","ICHPLAN","ETOH",NA,8.3,NA,17,2017-11-06,"LSHCB"
"666","ICHP-17-0187","Micropogonias","undulatus","ICHPLAN","ETOH",NA,10.8,NA,17,2017-11-06,"LSHCB"
"667","ICHP-17-0187","Micropogonias","undulatus","ICHPLAN","ETOH",NA,10.9,NA,17,2017-11-06,"LSHCB"
"668","ICHP-17-0187","Micropogonias","undulatus","ICHPLAN","ETOH",NA,9.4,NA,17,2017-11-06,"LSHCB"
"669","ICHP-17-0187","Micropogonias","undulatus","ICHPLAN","ETOH",NA,10.3,NA,17,2017-11-06,"LSHCB"
"670","ICHP-17-0187","Micropogonias","undulatus","ICHPLAN","ETOH",NA,9.5,NA,17,2017-11-06,"LSHCB"
"671","ICHP-17-0187","Micropogonias","undulatus","ICHPLAN","ETOH",NA,10.8,NA,17,2017-11-06,"LSHCB"
"672","ICHP-17-0187","Micropogonias","undulatus","ICHPLAN","ETOH",NA,10.8,NA,17,2017-11-06,"LSHCB"
"673","ICHP-17-0187","Micropogonias","undulatus","ICHPLAN","ETOH",NA,9.3,NA,17,2017-11-06,"LSHCB"
"674","ICHP-17-0187","Micropogonias","undulatus","ICHPLAN","ETOH",NA,10.9,NA,17,2017-11-06,"LSHCB"
"675","ICHP-17-0187","Micropogonias","undulatus","ICHPLAN","ETOH",NA,9.4,NA,17,2017-11-06,"LSHCB"
"676","ICHP-17-0187","Micropogonias","undulatus","ICHPLAN","ETOH",NA,10.3,NA,17,2017-11-06,"LSHCB"
"677","ICHP-17-0187","Micropogonias","undulatus","ICHPLAN","ETOH",NA,10,NA,17,2017-11-06,"LSHCB"
"678","ICHP-17-0187","Micropogonias","undulatus","ICHPLAN","ETOH",NA,10.8,NA,17,2017-11-06,"LSHCB"
"679","ICHP-17-0187","Micropogonias","undulatus","ICHPLAN","ETOH",NA,18.2,NA,17,2017-11-06,"LSHCB"
"680","ICHP-17-0187","Micropogonias","undulatus","ICHPLAN","ETOH",NA,18.5,NA,17,2017-11-06,"LSHCB"
"681","ICHP-17-0187","Micropogonias","undulatus","ICHPLAN","ETOH",NA,5.3,NA,17,2017-11-06,"LSHCB"
"682","ICHP-17-0188","Micropogonias","undulatus","ICHPLAN","ETOH",NA,11.7,NA,6,2017-11-06,"LSHCB"
"683","ICHP-17-0188","Micropogonias","undulatus","ICHPLAN","ETOH",NA,10,NA,6,2017-11-06,"LSHCB"
"684","ICHP-17-0188","Micropogonias","undulatus","ICHPLAN","ETOH",NA,10.2,NA,6,2017-11-06,"LSHCB"
"685","ICHP-17-0188","Micropogonias","undulatus","ICHPLAN","ETOH",NA,11.5,NA,6,2017-11-06,"LSHCB"
"686","ICHP-17-0188","Micropogonias","undulatus","ICHPLAN","ETOH",NA,10.3,NA,6,2017-11-06,"LSHCB"
"687","ICHP-17-0188","Micropogonias","undulatus","ICHPLAN","ETOH",NA,10.3,NA,6,2017-11-06,"LSHCB"
"688","ICHP-17-0189","Micropogonias","undulatus","ICHPLAN","ETOH",NA,8.5,NA,59,2017-11-06,"LSHCB"
"689","ICHP-17-0189","Micropogonias","undulatus","ICHPLAN","ETOH",NA,9.1,NA,59,2017-11-06,"LSHCB"
"690","ICHP-17-0189","Micropogonias","undulatus","ICHPLAN","ETOH",NA,10.8,NA,59,2017-11-06,"LSHCB"
"691","ICHP-17-0189","Micropogonias","undulatus","ICHPLAN","ETOH",NA,9.6,NA,59,2017-11-06,"LSHCB"
"692","ICHP-17-0189","Micropogonias","undulatus","ICHPLAN","ETOH",NA,11.1,NA,59,2017-11-06,"LSHCB"
"693","ICHP-17-0189","Micropogonias","undulatus","ICHPLAN","ETOH",NA,9.9,NA,59,2017-11-06,"LSHCB"
"694","ICHP-17-0189","Micropogonias","undulatus","ICHPLAN","ETOH",NA,9.4,NA,59,2017-11-06,"LSHCB"
"695","ICHP-17-0189","Micropogonias","undulatus","ICHPLAN","ETOH",NA,9.4,NA,59,2017-11-06,"LSHCB"
"696","ICHP-17-0189","Micropogonias","undulatus","ICHPLAN","ETOH",NA,11.1,NA,59,2017-11-06,"LSHCB"
"697","ICHP-17-0189","Micropogonias","undulatus","ICHPLAN","ETOH",NA,9.7,NA,59,2017-11-06,"LSHCB"
"698","ICHP-17-0189","Micropogonias","undulatus","ICHPLAN","ETOH",NA,9.8,NA,59,2017-11-06,"LSHCB"
"699","ICHP-17-0189","Micropogonias","undulatus","ICHPLAN","ETOH",NA,8.3,NA,59,2017-11-06,"LSHCB"
"700","ICHP-17-0189","Micropogonias","undulatus","ICHPLAN","ETOH",NA,11.4,NA,59,2017-11-06,"LSHCB"
"701","ICHP-17-0189","Micropogonias","undulatus","ICHPLAN","ETOH",NA,10.2,NA,59,2017-11-06,"LSHCB"
"702","ICHP-17-0189","Micropogonias","undulatus","ICHPLAN","ETOH",NA,9.9,NA,59,2017-11-06,"LSHCB"
"703","ICHP-17-0189","Micropogonias","undulatus","ICHPLAN","ETOH",NA,8,NA,59,2017-11-06,"LSHCB"
"704","ICHP-17-0189","Micropogonias","undulatus","ICHPLAN","ETOH",NA,9.1,NA,59,2017-11-06,"LSHCB"
"705","ICHP-17-0189","Micropogonias","undulatus","ICHPLAN","ETOH",NA,9.3,NA,59,2017-11-06,"LSHCB"
"706","ICHP-17-0189","Micropogonias","undulatus","ICHPLAN","ETOH",NA,10.4,NA,59,2017-11-06,"LSHCB"
"707","ICHP-17-0189","Micropogonias","undulatus","ICHPLAN","ETOH",NA,8.9,NA,59,2017-11-06,"LSHCB"
"708","ICHP-17-0190","Micropogonias","undulatus","ICHPLAN","ETOH",NA,10.7,NA,10,2017-11-06,"LSHCB"
"709","ICHP-17-0190","Micropogonias","undulatus","ICHPLAN","ETOH",NA,9.7,NA,10,2017-11-06,"LSHCB"
"710","ICHP-17-0190","Micropogonias","undulatus","ICHPLAN","ETOH",NA,10.2,NA,10,2017-11-06,"LSHCB"
"711","ICHP-17-0190","Micropogonias","undulatus","ICHPLAN","ETOH",NA,8.6,NA,10,2017-11-06,"LSHCB"
"712","ICHP-17-0190","Micropogonias","undulatus","ICHPLAN","ETOH",NA,11,NA,10,2017-11-06,"LSHCB"
"713","ICHP-17-0190","Micropogonias","undulatus","ICHPLAN","ETOH",NA,9.7,NA,10,2017-11-06,"LSHCB"
"714","ICHP-17-0190","Micropogonias","undulatus","ICHPLAN","ETOH",NA,10,NA,10,2017-11-06,"LSHCB"
"715","ICHP-17-0190","Micropogonias","undulatus","ICHPLAN","ETOH",NA,11.3,NA,10,2017-11-06,"LSHCB"
"716","ICHP-17-0190","Micropogonias","undulatus","ICHPLAN","ETOH",NA,9.9,NA,10,2017-11-06,"LSHCB"
"717","ICHP-17-0190","Micropogonias","undulatus","ICHPLAN","ETOH",NA,9.6,NA,10,2017-11-06,"LSHCB"
"718","ICHP-17-0191","Micropogonias","undulatus","ICHPLAN","ETOH",NA,12.7,NA,18,2017-11-20,"LSHCB"
"719","ICHP-17-0191","Micropogonias","undulatus","ICHPLAN","ETOH",NA,13,NA,18,2017-11-20,"LSHCB"
"720","ICHP-17-0191","Micropogonias","undulatus","ICHPLAN","ETOH",NA,11.3,NA,18,2017-11-20,"LSHCB"
"721","ICHP-17-0191","Micropogonias","undulatus","ICHPLAN","ETOH",NA,12.5,NA,18,2017-11-20,"LSHCB"
"722","ICHP-17-0191","Micropogonias","undulatus","ICHPLAN","ETOH",NA,12.9,NA,18,2017-11-20,"LSHCB"
"723","ICHP-17-0191","Micropogonias","undulatus","ICHPLAN","ETOH",NA,11.4,NA,18,2017-11-20,"LSHCB"
"724","ICHP-17-0191","Micropogonias","undulatus","ICHPLAN","ETOH",NA,12.3,NA,18,2017-11-20,"LSHCB"
"725","ICHP-17-0191","Micropogonias","undulatus","ICHPLAN","ETOH",NA,10.9,NA,18,2017-11-20,"LSHCB"
"726","ICHP-17-0191","Micropogonias","undulatus","ICHPLAN","ETOH",NA,11.9,NA,18,2017-11-20,"LSHCB"
"727","ICHP-17-0191","Micropogonias","undulatus","ICHPLAN","ETOH",NA,9,NA,18,2017-11-20,"LSHCB"
"728","ICHP-17-0191","Micropogonias","undulatus","ICHPLAN","ETOH",NA,10.5,NA,18,2017-11-20,"LSHCB"
"729","ICHP-17-0191","Micropogonias","undulatus","ICHPLAN","ETOH",NA,12.4,NA,18,2017-11-20,"LSHCB"
"730","ICHP-17-0191","Micropogonias","undulatus","ICHPLAN","ETOH",NA,11.8,NA,18,2017-11-20,"LSHCB"
"731","ICHP-17-0191","Micropogonias","undulatus","ICHPLAN","ETOH",NA,12.3,NA,18,2017-11-20,"LSHCB"
"732","ICHP-17-0191","Micropogonias","undulatus","ICHPLAN","ETOH",NA,11.3,NA,18,2017-11-20,"LSHCB"
"733","ICHP-17-0191","Micropogonias","undulatus","ICHPLAN","ETOH",NA,10.9,NA,18,2017-11-20,"LSHCB"
"734","ICHP-17-0191","Micropogonias","undulatus","ICHPLAN","ETOH",NA,11.8,NA,18,2017-11-20,"LSHCB"
"735","ICHP-17-0191","Micropogonias","undulatus","ICHPLAN","ETOH",NA,10.9,NA,18,2017-11-20,"LSHCB"
"736","ICHP-17-0192","Micropogonias","undulatus","ICHPLAN","ETOH",NA,11,NA,26,2017-11-20,"LSHCB"
"737","ICHP-17-0192","Micropogonias","undulatus","ICHPLAN","ETOH",NA,9.8,NA,26,2017-11-20,"LSHCB"
"738","ICHP-17-0192","Micropogonias","undulatus","ICHPLAN","ETOH",NA,12,NA,26,2017-11-20,"LSHCB"
"739","ICHP-17-0192","Micropogonias","undulatus","ICHPLAN","ETOH",NA,12.1,NA,26,2017-11-20,"LSHCB"
"740","ICHP-17-0192","Micropogonias","undulatus","ICHPLAN","ETOH",NA,10.8,NA,26,2017-11-20,"LSHCB"
"741","ICHP-17-0192","Micropogonias","undulatus","ICHPLAN","ETOH",NA,10.6,NA,26,2017-11-20,"LSHCB"
"742","ICHP-17-0192","Micropogonias","undulatus","ICHPLAN","ETOH",NA,13.5,NA,26,2017-11-20,"LSHCB"
"743","ICHP-17-0192","Micropogonias","undulatus","ICHPLAN","ETOH",NA,10.9,NA,26,2017-11-20,"LSHCB"
"744","ICHP-17-0192","Micropogonias","undulatus","ICHPLAN","ETOH",NA,12.4,NA,26,2017-11-20,"LSHCB"
"745","ICHP-17-0192","Micropogonias","undulatus","ICHPLAN","ETOH",NA,10,NA,26,2017-11-20,"LSHCB"
"746","ICHP-17-0192","Micropogonias","undulatus","ICHPLAN","ETOH",NA,9.3,NA,26,2017-11-20,"LSHCB"
"747","ICHP-17-0192","Micropogonias","undulatus","ICHPLAN","ETOH",NA,11.5,NA,26,2017-11-20,"LSHCB"
"748","ICHP-17-0192","Micropogonias","undulatus","ICHPLAN","ETOH",NA,9.9,NA,26,2017-11-20,"LSHCB"
"749","ICHP-17-0192","Micropogonias","undulatus","ICHPLAN","ETOH",NA,10.6,NA,26,2017-11-20,"LSHCB"
"750","ICHP-17-0192","Micropogonias","undulatus","ICHPLAN","ETOH",NA,10.8,NA,26,2017-11-20,"LSHCB"
"751","ICHP-17-0192","Micropogonias","undulatus","ICHPLAN","ETOH",NA,11,NA,26,2017-11-20,"LSHCB"
"752","ICHP-17-0192","Micropogonias","undulatus","ICHPLAN","ETOH",NA,10.8,NA,26,2017-11-20,"LSHCB"
"753","ICHP-17-0192","Micropogonias","undulatus","ICHPLAN","ETOH",NA,11.4,NA,26,2017-11-20,"LSHCB"
"754","ICHP-17-0192","Micropogonias","undulatus","ICHPLAN","ETOH",NA,10.3,NA,26,2017-11-20,"LSHCB"
"755","ICHP-17-0192","Micropogonias","undulatus","ICHPLAN","ETOH",NA,9.8,NA,26,2017-11-20,"LSHCB"
"756","ICHP-17-0193","Micropogonias","undulatus","ICHPLAN","ETOH",NA,11.6,NA,27,2017-11-20,"LSHCB"
"757","ICHP-17-0193","Micropogonias","undulatus","ICHPLAN","ETOH",NA,14.1,NA,27,2017-11-20,"LSHCB"
"758","ICHP-17-0193","Micropogonias","undulatus","ICHPLAN","ETOH",NA,10.3,NA,27,2017-11-20,"LSHCB"
"759","ICHP-17-0193","Micropogonias","undulatus","ICHPLAN","ETOH",NA,13,NA,27,2017-11-20,"LSHCB"
"760","ICHP-17-0193","Micropogonias","undulatus","ICHPLAN","ETOH",NA,12.1,NA,27,2017-11-20,"LSHCB"
"761","ICHP-17-0193","Micropogonias","undulatus","ICHPLAN","ETOH",NA,12,NA,27,2017-11-20,"LSHCB"
"762","ICHP-17-0193","Micropogonias","undulatus","ICHPLAN","ETOH",NA,12,NA,27,2017-11-20,"LSHCB"
"763","ICHP-17-0193","Micropogonias","undulatus","ICHPLAN","ETOH",NA,9.9,NA,27,2017-11-20,"LSHCB"
"764","ICHP-17-0193","Micropogonias","undulatus","ICHPLAN","ETOH",NA,9.2,NA,27,2017-11-20,"LSHCB"
"765","ICHP-17-0193","Micropogonias","undulatus","ICHPLAN","ETOH",NA,12.1,NA,27,2017-11-20,"LSHCB"
"766","ICHP-17-0193","Micropogonias","undulatus","ICHPLAN","ETOH",NA,11.3,NA,27,2017-11-20,"LSHCB"
"767","ICHP-17-0193","Micropogonias","undulatus","ICHPLAN","ETOH",NA,12.2,NA,27,2017-11-20,"LSHCB"
"768","ICHP-17-0193","Micropogonias","undulatus","ICHPLAN","ETOH",NA,10.4,NA,27,2017-11-20,"LSHCB"
"769","ICHP-17-0193","Micropogonias","undulatus","ICHPLAN","ETOH",NA,9.9,NA,27,2017-11-20,"LSHCB"
"770","ICHP-17-0193","Micropogonias","undulatus","ICHPLAN","ETOH",NA,11.8,NA,27,2017-11-20,"LSHCB"
"771","ICHP-17-0193","Micropogonias","undulatus","ICHPLAN","ETOH",NA,9.3,NA,27,2017-11-20,"LSHCB"
"772","ICHP-17-0193","Micropogonias","undulatus","ICHPLAN","ETOH",NA,11.7,NA,27,2017-11-20,"LSHCB"
"773","ICHP-17-0193","Micropogonias","undulatus","ICHPLAN","ETOH",NA,9,NA,27,2017-11-20,"LSHCB"
"774","ICHP-17-0193","Micropogonias","undulatus","ICHPLAN","ETOH",NA,10.4,NA,27,2017-11-20,"LSHCB"
"775","ICHP-17-0193","Micropogonias","undulatus","ICHPLAN","ETOH",NA,12,NA,27,2017-11-20,"LSHCB"
"776","ICHP-17-0194","Micropogonias","undulatus","ICHPLAN","ETOH",NA,12.3,NA,2,2017-11-20,"LSHCB"
"777","ICHP-17-0194","Micropogonias","undulatus","ICHPLAN","ETOH",NA,10,NA,2,2017-11-20,"LSHCB"
"778","ICHP-17-0195","Micropogonias","undulatus","ICHPLAN","ETOH",NA,8.9,NA,2,2017-12-04,"LSHCB"
"779","ICHP-17-0195","Micropogonias","undulatus","ICHPLAN","ETOH",NA,10.5,NA,2,2017-12-04,"LSHCB"
"780","ICHP-17-0196","Micropogonias","undulatus","ICHPLAN","ETOH",NA,11.9,NA,3,2017-12-04,"LSHCB"
"781","ICHP-17-0196","Micropogonias","undulatus","ICHPLAN","ETOH",NA,9.5,NA,3,2017-12-04,"LSHCB"
"782","ICHP-17-0196","Micropogonias","undulatus","ICHPLAN","ETOH",NA,8.9,NA,3,2017-12-04,"LSHCB"
"783","ICHP-17-0197","Micropogonias","undulatus","ICHPLAN","ETOH",NA,13.6,NA,2,2017-12-04,"LSHCB"
"784","ICHP-17-0197","Micropogonias","undulatus","ICHPLAN","ETOH",NA,12.7,NA,2,2017-12-04,"LSHCB"
"785","ICHP-17-0198","Micropogonias","undulatus","ICHPLAN","ETOH",NA,8.8,NA,4,2017-12-04,"LSHCB"
"786","ICHP-17-0198","Micropogonias","undulatus","ICHPLAN","ETOH",NA,9.7,NA,4,2017-12-04,"LSHCB"
"787","ICHP-17-0198","Micropogonias","undulatus","ICHPLAN","ETOH",NA,9.2,NA,4,2017-12-04,"LSHCB"
"788","ICHP-17-0198","Micropogonias","undulatus","ICHPLAN","ETOH",NA,8.6,NA,4,2017-12-04,"LSHCB"
"789","ICHP-17-0200","Micropogonias","undulatus","ICHPLAN","ETOH",NA,8.9,NA,6,2017-12-11,"LSHCB"
"790","ICHP-17-0200","Micropogonias","undulatus","ICHPLAN","ETOH",NA,12.6,NA,6,2017-12-11,"LSHCB"
"791","ICHP-17-0200","Micropogonias","undulatus","ICHPLAN","ETOH",NA,11.2,NA,6,2017-12-11,"LSHCB"
"792","ICHP-17-0200","Micropogonias","undulatus","ICHPLAN","ETOH",NA,10.9,NA,6,2017-12-11,"LSHCB"
"793","ICHP-17-0200","Micropogonias","undulatus","ICHPLAN","ETOH",NA,8.8,NA,6,2017-12-11,"LSHCB"
"794","ICHP-17-0200","Micropogonias","undulatus","ICHPLAN","ETOH",NA,8.8,NA,6,2017-12-11,"LSHCB"
"795","ICHP-17-0201","Micropogonias","undulatus","ICHPLAN","ETOH",NA,10.9,NA,9,2017-12-11,"LSHCB"
"796","ICHP-17-0201","Micropogonias","undulatus","ICHPLAN","ETOH",NA,10.3,NA,9,2017-12-11,"LSHCB"
"797","ICHP-17-0201","Micropogonias","undulatus","ICHPLAN","ETOH",NA,8.3,NA,9,2017-12-11,"LSHCB"
"798","ICHP-17-0201","Micropogonias","undulatus","ICHPLAN","ETOH",NA,13.2,NA,9,2017-12-11,"LSHCB"
"799","ICHP-17-0201","Micropogonias","undulatus","ICHPLAN","ETOH",NA,8.9,NA,9,2017-12-11,"LSHCB"
"800","ICHP-17-0201","Micropogonias","undulatus","ICHPLAN","ETOH",NA,9.8,NA,9,2017-12-11,"LSHCB"
"801","ICHP-17-0201","Micropogonias","undulatus","ICHPLAN","ETOH",NA,9.2,NA,9,2017-12-11,"LSHCB"
"802","ICHP-17-0201","Micropogonias","undulatus","ICHPLAN","ETOH",NA,8.4,NA,9,2017-12-11,"LSHCB"
"803","ICHP-17-0201","Micropogonias","undulatus","ICHPLAN","ETOH",NA,8.6,NA,9,2017-12-11,"LSHCB"
"804","ICHP-17-0203","Micropogonias","undulatus","ICHPLAN","ETOH",NA,11.5,NA,2,2017-12-18,"LSHCB"
"805","ICHP-17-0203","Micropogonias","undulatus","ICHPLAN","ETOH",NA,10.5,NA,2,2017-12-18,"LSHCB"
"806","ICHP-17-0204","Micropogonias","undulatus","ICHPLAN","ETOH",NA,9,NA,6,2017-12-18,"LSHCB"
"807","ICHP-17-0204","Micropogonias","undulatus","ICHPLAN","ETOH",NA,10.4,NA,6,2017-12-18,"LSHCB"
"808","ICHP-17-0204","Micropogonias","undulatus","ICHPLAN","ETOH",NA,14.5,NA,6,2017-12-18,"LSHCB"
"809","ICHP-17-0204","Micropogonias","undulatus","ICHPLAN","ETOH",NA,8.3,NA,6,2017-12-18,"LSHCB"
"810","ICHP-17-0204","Micropogonias","undulatus","ICHPLAN","ETOH",NA,10.8,NA,6,2017-12-18,"LSHCB"
"811","ICHP-17-0204","Micropogonias","undulatus","ICHPLAN","ETOH",NA,10.8,NA,6,2017-12-18,"LSHCB"
"812","ICHP-17-0205","Micropogonias","undulatus","ICHPLAN","LIVE",NA,NA,40,14,2017-12-18,"LSHCB"
"813","ICHP-17-0205","Micropogonias","undulatus","ICHPLAN","ETOH",NA,22.7,NA,14,2017-12-18,"LSHCB"
"814","ICHP-17-0205","Micropogonias","undulatus","ICHPLAN","ETOH",NA,10.2,NA,14,2017-12-18,"LSHCB"
"815","ICHP-17-0205","Micropogonias","undulatus","ICHPLAN","ETOH",NA,9.5,NA,14,2017-12-18,"LSHCB"
"816","ICHP-17-0205","Micropogonias","undulatus","ICHPLAN","ETOH",NA,11.3,NA,14,2017-12-18,"LSHCB"
"817","ICHP-17-0205","Micropogonias","undulatus","ICHPLAN","ETOH",NA,10,NA,14,2017-12-18,"LSHCB"
"818","ICHP-17-0205","Micropogonias","undulatus","ICHPLAN","ETOH",NA,13.5,NA,14,2017-12-18,"LSHCB"
"819","ICHP-17-0205","Micropogonias","undulatus","ICHPLAN","ETOH",NA,12.8,NA,14,2017-12-18,"LSHCB"
"820","ICHP-17-0205","Micropogonias","undulatus","ICHPLAN","ETOH",NA,10.8,NA,14,2017-12-18,"LSHCB"
"821","ICHP-17-0205","Micropogonias","undulatus","ICHPLAN","ETOH",NA,9.3,NA,14,2017-12-18,"LSHCB"
"822","ICHP-17-0205","Micropogonias","undulatus","ICHPLAN","ETOH",NA,13,NA,14,2017-12-18,"LSHCB"
"823","ICHP-17-0205","Micropogonias","undulatus","ICHPLAN","ETOH",NA,24.5,NA,14,2017-12-18,"LSHCB"
"824","ICHP-17-0205","Micropogonias","undulatus","ICHPLAN","ETOH",NA,12.6,NA,14,2017-12-18,"LSHCB"
"825","ICHP-17-0205","Micropogonias","undulatus","ICHPLAN","ETOH",NA,9,NA,14,2017-12-18,"LSHCB"
"826","ICHP-17-0206","Micropogonias","undulatus","ICHPLAN","ETOH",NA,9.6,NA,1,2017-12-18,"LSHCB"
"827","ICHP-17-0208","Micropogonias","undulatus","ICHPLAN","LIVE",NA,NA,58,2,2017-12-27,"LSHCB"
"828","ICHP-17-0208","Micropogonias","undulatus","ICHPLAN","ETOH",NA,26.8,NA,2,2017-12-27,"LSHCB"
"829","ICHP-17-0209","Micropogonias","undulatus","ICHPLAN","ETOH",NA,23.3,NA,2,2017-12-27,"LSHCB"
"830","ICHP-17-0209","Micropogonias","undulatus","ICHPLAN","ETOH",NA,8.1,NA,2,2017-12-27,"LSHCB"
"831","ICHP-18-0197","Micropogonias","undulatus","ICHPLAN","ETOH",NA,6.5,NA,1,2018-10-01,"LSHCB"
"832","ICHP-18-0198","Micropogonias","undulatus","ICHPLAN","ETOH",NA,7.9,NA,31,2018-10-15,"LSHCB"
"833","ICHP-18-0198","Micropogonias","undulatus","ICHPLAN","ETOH",NA,10.5,NA,31,2018-10-15,"LSHCB"
"834","ICHP-18-0198","Micropogonias","undulatus","ICHPLAN","ETOH",NA,12,NA,31,2018-10-15,"LSHCB"
"835","ICHP-18-0198","Micropogonias","undulatus","ICHPLAN","ETOH",NA,7.6,NA,31,2018-10-15,"LSHCB"
"836","ICHP-18-0198","Micropogonias","undulatus","ICHPLAN","ETOH",NA,7.1,NA,31,2018-10-15,"LSHCB"
"837","ICHP-18-0198","Micropogonias","undulatus","ICHPLAN","ETOH",NA,8.4,NA,31,2018-10-15,"LSHCB"
"838","ICHP-18-0198","Micropogonias","undulatus","ICHPLAN","ETOH",NA,8.3,NA,31,2018-10-15,"LSHCB"
"839","ICHP-18-0198","Micropogonias","undulatus","ICHPLAN","ETOH",NA,7.6,NA,31,2018-10-15,"LSHCB"
"840","ICHP-18-0198","Micropogonias","undulatus","ICHPLAN","ETOH",NA,9.2,NA,31,2018-10-15,"LSHCB"
"841","ICHP-18-0198","Micropogonias","undulatus","ICHPLAN","ETOH",NA,8.2,NA,31,2018-10-15,"LSHCB"
"842","ICHP-18-0198","Micropogonias","undulatus","ICHPLAN","ETOH",NA,7.6,NA,31,2018-10-15,"LSHCB"
"843","ICHP-18-0198","Micropogonias","undulatus","ICHPLAN","ETOH",NA,8.2,NA,31,2018-10-15,"LSHCB"
"844","ICHP-18-0198","Micropogonias","undulatus","ICHPLAN","ETOH",NA,9.2,NA,31,2018-10-15,"LSHCB"
"845","ICHP-18-0198","Micropogonias","undulatus","ICHPLAN","ETOH",NA,8.2,NA,31,2018-10-15,"LSHCB"
"846","ICHP-18-0198","Micropogonias","undulatus","ICHPLAN","ETOH",NA,8.9,NA,31,2018-10-15,"LSHCB"
"847","ICHP-18-0198","Micropogonias","undulatus","ICHPLAN","ETOH",NA,8.1,NA,31,2018-10-15,"LSHCB"
"848","ICHP-18-0198","Micropogonias","undulatus","ICHPLAN","ETOH",NA,6.7,NA,31,2018-10-15,"LSHCB"
"849","ICHP-18-0198","Micropogonias","undulatus","ICHPLAN","ETOH",NA,6.3,NA,31,2018-10-15,"LSHCB"
"850","ICHP-18-0198","Micropogonias","undulatus","ICHPLAN","ETOH",NA,7.2,NA,31,2018-10-15,"LSHCB"
"851","ICHP-18-0198","Micropogonias","undulatus","ICHPLAN","ETOH",NA,8.1,NA,31,2018-10-15,"LSHCB"
"852","ICHP-18-0199","Micropogonias","undulatus","ICHPLAN","ETOH",NA,10.1,NA,9,2018-10-29,"LSHCB"
"853","ICHP-18-0199","Micropogonias","undulatus","ICHPLAN","ETOH",NA,11.3,NA,9,2018-10-29,"LSHCB"
"854","ICHP-18-0199","Micropogonias","undulatus","ICHPLAN","ETOH",NA,9.9,NA,9,2018-10-29,"LSHCB"
"855","ICHP-18-0199","Micropogonias","undulatus","ICHPLAN","ETOH",NA,12.6,NA,9,2018-10-29,"LSHCB"
"856","ICHP-18-0199","Micropogonias","undulatus","ICHPLAN","ETOH",NA,10.6,NA,9,2018-10-29,"LSHCB"
"857","ICHP-18-0199","Micropogonias","undulatus","ICHPLAN","ETOH",NA,8.6,NA,9,2018-10-29,"LSHCB"
"858","ICHP-18-0199","Micropogonias","undulatus","ICHPLAN","ETOH",NA,10,NA,9,2018-10-29,"LSHCB"
"859","ICHP-18-0199","Micropogonias","undulatus","ICHPLAN","ETOH",NA,10,NA,9,2018-10-29,"LSHCB"
"860","ICHP-18-0199","Micropogonias","undulatus","ICHPLAN","ETOH",NA,10,NA,9,2018-10-29,"LSHCB"
"861","ICHP-18-0200","Micropogonias","undulatus","ICHPLAN","ETOH",NA,16.2,NA,82,2018-11-12,"LSHCB"
"862","ICHP-18-0200","Micropogonias","undulatus","ICHPLAN","ETOH",NA,9.3,NA,82,2018-11-12,"LSHCB"
"863","ICHP-18-0200","Micropogonias","undulatus","ICHPLAN","ETOH",NA,9.6,NA,82,2018-11-12,"LSHCB"
"864","ICHP-18-0200","Micropogonias","undulatus","ICHPLAN","ETOH",NA,15.1,NA,82,2018-11-12,"LSHCB"
"865","ICHP-18-0200","Micropogonias","undulatus","ICHPLAN","ETOH",NA,12.1,NA,82,2018-11-12,"LSHCB"
"866","ICHP-18-0200","Micropogonias","undulatus","ICHPLAN","ETOH",NA,15.3,NA,82,2018-11-12,"LSHCB"
"867","ICHP-18-0200","Micropogonias","undulatus","ICHPLAN","ETOH",NA,11,NA,82,2018-11-12,"LSHCB"
"868","ICHP-18-0200","Micropogonias","undulatus","ICHPLAN","ETOH",NA,9.9,NA,82,2018-11-12,"LSHCB"
"869","ICHP-18-0200","Micropogonias","undulatus","ICHPLAN","ETOH",NA,12.4,NA,82,2018-11-12,"LSHCB"
"870","ICHP-18-0200","Micropogonias","undulatus","ICHPLAN","ETOH",NA,9.1,NA,82,2018-11-12,"LSHCB"
"871","ICHP-18-0200","Micropogonias","undulatus","ICHPLAN","ETOH",NA,13.2,NA,82,2018-11-12,"LSHCB"
"872","ICHP-18-0200","Micropogonias","undulatus","ICHPLAN","ETOH",NA,12.8,NA,82,2018-11-12,"LSHCB"
"873","ICHP-18-0200","Micropogonias","undulatus","ICHPLAN","ETOH",NA,14.8,NA,82,2018-11-12,"LSHCB"
"874","ICHP-18-0200","Micropogonias","undulatus","ICHPLAN","ETOH",NA,11.4,NA,82,2018-11-12,"LSHCB"
"875","ICHP-18-0200","Micropogonias","undulatus","ICHPLAN","ETOH",NA,9.4,NA,82,2018-11-12,"LSHCB"
"876","ICHP-18-0200","Micropogonias","undulatus","ICHPLAN","ETOH",NA,11,NA,82,2018-11-12,"LSHCB"
"877","ICHP-18-0200","Micropogonias","undulatus","ICHPLAN","ETOH",NA,8.8,NA,82,2018-11-12,"LSHCB"
"878","ICHP-18-0200","Micropogonias","undulatus","ICHPLAN","ETOH",NA,15.2,NA,82,2018-11-12,"LSHCB"
"879","ICHP-18-0200","Micropogonias","undulatus","ICHPLAN","ETOH",NA,15.5,NA,82,2018-11-12,"LSHCB"
"880","ICHP-18-0200","Micropogonias","undulatus","ICHPLAN","ETOH",NA,10.3,NA,82,2018-11-12,"LSHCB"
"881","ICHP-18-0201","Micropogonias","undulatus","ICHPLAN","ETOH",NA,11.8,NA,1,2018-12-04,"LSHCB"
"882","ICHP-18-0203","Micropogonias","undulatus","ICHPLAN","ETOH",NA,15.1,NA,1,2018-12-26,"LSHCB"
